date,genotype,biological_rep,technical_rep,height
10-Sep-25,Appl_T2A_GAL4,1,1,0.313
10-Sep-25,Appl_T2A_GAL4,1,1,0.992
10-Sep-25,Appl_T2A_GAL4,1,1,0.547
10-Sep-25,Appl_T2A_GAL4,1,1,0.47
10-Sep-25,Appl_T2A_GAL4,1,1,0.758
10-Sep-25,Appl_T2A_GAL4,1,1,1
10-Sep-25,Appl_T2A_GAL4,1,1,0.876
10-Sep-25,Appl_T2A_GAL4,1,1,0.258
10-Sep-25,Appl_T2A_GAL4,1,1,2.07
10-Sep-25,Appl_T2A_GAL4,1,1,0.297
10-Sep-25,Appl_T2A_GAL4,1,1,0.711
10-Sep-25,Appl_T2A_GAL4,1,1,0.516
10-Sep-25,Appl_T2A_GAL4,1,1,2.383
10-Sep-25,Appl_T2A_GAL4,1,1,0.336
10-Sep-25,Appl_T2A_GAL4,1,1,0.422
10-Sep-25,Appl_T2A_GAL4,1,1,0.719
10-Sep-25,Appl_T2A_GAL4,1,2,0.438
10-Sep-25,Appl_T2A_GAL4,1,2,0.235
10-Sep-25,Appl_T2A_GAL4,1,2,3.484
10-Sep-25,Appl_T2A_GAL4,1,2,0.352
10-Sep-25,Appl_T2A_GAL4,1,2,0.266
10-Sep-25,Appl_T2A_GAL4,1,2,0.797
10-Sep-25,Appl_T2A_GAL4,1,2,0.931
10-Sep-25,Appl_T2A_GAL4,1,2,0.719
10-Sep-25,Appl_T2A_GAL4,1,2,2.718
10-Sep-25,Appl_T2A_GAL4,1,2,0.351
10-Sep-25,Appl_T2A_GAL4,1,2,0.476
10-Sep-25,Appl_T2A_GAL4,1,2,0.664
10-Sep-25,Appl_T2A_GAL4,1,2,0.909
10-Sep-25,Appl_T2A_GAL4,1,2,1.259
10-Sep-25,Appl_T2A_GAL4,1,2,1.992
10-Sep-25,Appl_T2A_GAL4,1,2,2.124
10-Sep-25,Appl_T2A_GAL4,1,3,3.427
10-Sep-25,Appl_T2A_GAL4,1,3,1.357
10-Sep-25,Appl_T2A_GAL4,1,3,1.801
10-Sep-25,Appl_T2A_GAL4,1,3,2.628
10-Sep-25,Appl_T2A_GAL4,1,3,2.87
10-Sep-25,Appl_T2A_GAL4,1,3,1.242
10-Sep-25,Appl_T2A_GAL4,1,3,0.886
10-Sep-25,Appl_T2A_GAL4,1,3,0.901
10-Sep-25,Appl_T2A_GAL4,1,3,0.529
10-Sep-25,Appl_T2A_GAL4,1,3,0.5
10-Sep-25,Appl_T2A_GAL4,1,3,0.602
10-Sep-25,Appl_T2A_GAL4,1,3,0.643
10-Sep-25,Appl_T2A_GAL4,1,3,0.615
10-Sep-25,Appl_T2A_GAL4,1,3,0.557
10-Sep-25,Appl_T2A_GAL4,1,3,0.314
10-Sep-25,Appl_T2A_GAL4,1,3,0.471
10-Sep-25,Appl_T2A_GAL4,1,4,0.603
10-Sep-25,Appl_T2A_GAL4,1,4,1.014
10-Sep-25,Appl_T2A_GAL4,1,4,2.696
10-Sep-25,Appl_T2A_GAL4,1,4,1.611
10-Sep-25,Appl_T2A_GAL4,1,4,0.391
10-Sep-25,Appl_T2A_GAL4,1,4,0.631
10-Sep-25,Appl_T2A_GAL4,1,4,0.376
10-Sep-25,Appl_T2A_GAL4,1,4,0.262
10-Sep-25,Appl_T2A_GAL4,1,4,1.631
10-Sep-25,Appl_T2A_GAL4,1,4,1.136
10-Sep-25,Appl_T2A_GAL4,1,4,0.696
10-Sep-25,Appl_T2A_GAL4,1,4,2.993
10-Sep-25,Appl_T2A_GAL4,1,4,2.711
10-Sep-25,Appl_T2A_GAL4,1,4,1.037
10-Sep-25,Appl_T2A_GAL4,1,4,0.496
10-Sep-25,Appl_T2A_GAL4,1,4,0.702
17-Sep-25,Appl_T2A_GAL4,2,1,1.639
17-Sep-25,Appl_T2A_GAL4,2,1,0.66
17-Sep-25,Appl_T2A_GAL4,2,1,4.117
17-Sep-25,Appl_T2A_GAL4,2,1,0.78
17-Sep-25,Appl_T2A_GAL4,2,1,0.468
17-Sep-25,Appl_T2A_GAL4,2,1,0.437
17-Sep-25,Appl_T2A_GAL4,2,1,0.904
17-Sep-25,Appl_T2A_GAL4,2,1,0.468
17-Sep-25,Appl_T2A_GAL4,2,1,0.36
17-Sep-25,Appl_T2A_GAL4,2,1,0.386
17-Sep-25,Appl_T2A_GAL4,2,1,0.406
17-Sep-25,Appl_T2A_GAL4,2,1,0.548
17-Sep-25,Appl_T2A_GAL4,2,1,1.06
17-Sep-25,Appl_T2A_GAL4,2,1,1.421
17-Sep-25,Appl_T2A_GAL4,2,1,0.989
17-Sep-25,Appl_T2A_GAL4,2,1,0.376
17-Sep-25,Appl_T2A_GAL4,2,2,1.299
17-Sep-25,Appl_T2A_GAL4,2,2,0.865
17-Sep-25,Appl_T2A_GAL4,2,2,0.522
17-Sep-25,Appl_T2A_GAL4,2,2,1.015
17-Sep-25,Appl_T2A_GAL4,2,2,1.014
17-Sep-25,Appl_T2A_GAL4,2,2,0.806
17-Sep-25,Appl_T2A_GAL4,2,2,3.609
17-Sep-25,Appl_T2A_GAL4,2,2,4.24
17-Sep-25,Appl_T2A_GAL4,2,2,1.134
17-Sep-25,Appl_T2A_GAL4,2,2,0.672
17-Sep-25,Appl_T2A_GAL4,2,2,0.29
17-Sep-25,Appl_T2A_GAL4,2,2,1.759
17-Sep-25,Appl_T2A_GAL4,2,2,0.775
17-Sep-25,Appl_T2A_GAL4,2,2,0.388
17-Sep-25,Appl_T2A_GAL4,2,2,0.254
17-Sep-25,Appl_T2A_GAL4,2,2,0.3
17-Sep-25,Appl_T2A_GAL4,2,3,1.505
17-Sep-25,Appl_T2A_GAL4,2,3,0.926
17-Sep-25,Appl_T2A_GAL4,2,3,0.373
17-Sep-25,Appl_T2A_GAL4,2,3,0.507
17-Sep-25,Appl_T2A_GAL4,2,3,0.599
17-Sep-25,Appl_T2A_GAL4,2,3,3.46
17-Sep-25,Appl_T2A_GAL4,2,3,2.176
17-Sep-25,Appl_T2A_GAL4,2,3,1.371
17-Sep-25,Appl_T2A_GAL4,2,3,1.431
17-Sep-25,Appl_T2A_GAL4,2,3,1.149
17-Sep-25,Appl_T2A_GAL4,2,3,0.896
17-Sep-25,Appl_T2A_GAL4,2,3,0.343
17-Sep-25,Appl_T2A_GAL4,2,3,0.377
17-Sep-25,Appl_T2A_GAL4,2,3,0.715
17-Sep-25,Appl_T2A_GAL4,2,3,0.775
17-Sep-25,Appl_T2A_GAL4,2,3,0
17-Sep-25,Appl_T2A_GAL4,2,4,2.041
17-Sep-25,Appl_T2A_GAL4,2,4,0.573
17-Sep-25,Appl_T2A_GAL4,2,4,1.218
17-Sep-25,Appl_T2A_GAL4,2,4,0.793
17-Sep-25,Appl_T2A_GAL4,2,4,0.97
17-Sep-25,Appl_T2A_GAL4,2,4,1.411
17-Sep-25,Appl_T2A_GAL4,2,4,0.589
17-Sep-25,Appl_T2A_GAL4,2,4,1.178
17-Sep-25,Appl_T2A_GAL4,2,4,0.368
17-Sep-25,Appl_T2A_GAL4,2,4,0.606
17-Sep-25,Appl_T2A_GAL4,2,4,0.311
17-Sep-25,Appl_T2A_GAL4,2,4,1.116
17-Sep-25,Appl_T2A_GAL4,2,4,1.307
17-Sep-25,Appl_T2A_GAL4,2,4,3.171
17-Sep-25,Appl_T2A_GAL4,2,4,0.617
17-Sep-25,Appl_T2A_GAL4,2,4,0
17-Sep-25,Appl_T2A_GAL4,3,1,2.864
17-Sep-25,Appl_T2A_GAL4,3,1,1.584
17-Sep-25,Appl_T2A_GAL4,3,1,1.451
17-Sep-25,Appl_T2A_GAL4,3,1,0.499
17-Sep-25,Appl_T2A_GAL4,3,1,0.837
17-Sep-25,Appl_T2A_GAL4,3,1,0.677
17-Sep-25,Appl_T2A_GAL4,3,1,0.703
17-Sep-25,Appl_T2A_GAL4,3,1,0.339
17-Sep-25,Appl_T2A_GAL4,3,1,1.416
17-Sep-25,Appl_T2A_GAL4,3,1,1.086
17-Sep-25,Appl_T2A_GAL4,3,1,1.14
17-Sep-25,Appl_T2A_GAL4,3,1,2.138
17-Sep-25,Appl_T2A_GAL4,3,1,1.247
17-Sep-25,Appl_T2A_GAL4,3,1,1.07
17-Sep-25,Appl_T2A_GAL4,3,1,0.765
17-Sep-25,Appl_T2A_GAL4,3,1,1.001
17-Sep-25,Appl_T2A_GAL4,3,1,0.677
17-Sep-25,Appl_T2A_GAL4,3,2,0.817
17-Sep-25,Appl_T2A_GAL4,3,2,2.627
17-Sep-25,Appl_T2A_GAL4,3,2,2.854
17-Sep-25,Appl_T2A_GAL4,3,2,0.508
17-Sep-25,Appl_T2A_GAL4,3,2,0.281
17-Sep-25,Appl_T2A_GAL4,3,2,1.699
17-Sep-25,Appl_T2A_GAL4,3,2,1.261
17-Sep-25,Appl_T2A_GAL4,3,2,1.077
17-Sep-25,Appl_T2A_GAL4,3,2,1.267
17-Sep-25,Appl_T2A_GAL4,3,2,0.263
17-Sep-25,Appl_T2A_GAL4,3,2,0.389
17-Sep-25,Appl_T2A_GAL4,3,2,0.517
17-Sep-25,Appl_T2A_GAL4,3,2,0.615
17-Sep-25,Appl_T2A_GAL4,3,2,0.535
17-Sep-25,Appl_T2A_GAL4,3,2,1.174
17-Sep-25,Appl_T2A_GAL4,3,2,2.872
17-Sep-25,Appl_T2A_GAL4,3,2,0
17-Sep-25,Appl_T2A_GAL4,3,3,3.113
17-Sep-25,Appl_T2A_GAL4,3,3,1.298
17-Sep-25,Appl_T2A_GAL4,3,3,1.178
17-Sep-25,Appl_T2A_GAL4,3,3,1.157
17-Sep-25,Appl_T2A_GAL4,3,3,1.13
17-Sep-25,Appl_T2A_GAL4,3,3,1.459
17-Sep-25,Appl_T2A_GAL4,3,3,1.041
17-Sep-25,Appl_T2A_GAL4,3,3,1.221
17-Sep-25,Appl_T2A_GAL4,3,3,1.246
17-Sep-25,Appl_T2A_GAL4,3,3,0.962
17-Sep-25,Appl_T2A_GAL4,3,3,0.827
17-Sep-25,Appl_T2A_GAL4,3,3,0.818
17-Sep-25,Appl_T2A_GAL4,3,3,0.542
17-Sep-25,Appl_T2A_GAL4,3,3,0.569
17-Sep-25,Appl_T2A_GAL4,3,3,0
17-Sep-25,Appl_T2A_GAL4,3,3,0
17-Sep-25,Appl_T2A_GAL4,3,3,0
17-Sep-25,Appl_T2A_GAL4,3,4,4.054
17-Sep-25,Appl_T2A_GAL4,3,4,2.515
17-Sep-25,Appl_T2A_GAL4,3,4,1.598
17-Sep-25,Appl_T2A_GAL4,3,4,1.223
17-Sep-25,Appl_T2A_GAL4,3,4,1.353
17-Sep-25,Appl_T2A_GAL4,3,4,1.25
17-Sep-25,Appl_T2A_GAL4,3,4,1.216
17-Sep-25,Appl_T2A_GAL4,3,4,1.118
17-Sep-25,Appl_T2A_GAL4,3,4,0.691
17-Sep-25,Appl_T2A_GAL4,3,4,0.681
17-Sep-25,Appl_T2A_GAL4,3,4,0.62
17-Sep-25,Appl_T2A_GAL4,3,4,0.507
17-Sep-25,Appl_T2A_GAL4,3,4,0.358
17-Sep-25,Appl_T2A_GAL4,3,4,0.455
17-Sep-25,Appl_T2A_GAL4,3,4,0.481
17-Sep-25,Appl_T2A_GAL4,3,4,1.048
17-Sep-25,Appl_T2A_GAL4,3,4,0
22-Sep-25,Appl_T2A_GAL4,4,1,0.639
22-Sep-25,Appl_T2A_GAL4,4,1,0.852
22-Sep-25,Appl_T2A_GAL4,4,1,0.76
22-Sep-25,Appl_T2A_GAL4,4,1,1.338
22-Sep-25,Appl_T2A_GAL4,4,1,1.173
22-Sep-25,Appl_T2A_GAL4,4,1,1.384
22-Sep-25,Appl_T2A_GAL4,4,1,1.354
22-Sep-25,Appl_T2A_GAL4,4,1,0.989
22-Sep-25,Appl_T2A_GAL4,4,1,0.917
22-Sep-25,Appl_T2A_GAL4,4,1,0.917
22-Sep-25,Appl_T2A_GAL4,4,1,0.383
22-Sep-25,Appl_T2A_GAL4,4,1,0.677
22-Sep-25,Appl_T2A_GAL4,4,1,0.462
22-Sep-25,Appl_T2A_GAL4,4,1,0.9
22-Sep-25,Appl_T2A_GAL4,4,1,2.524
22-Sep-25,Appl_T2A_GAL4,4,1,3.529
22-Sep-25,Appl_T2A_GAL4,4,1,4.211
22-Sep-25,Appl_T2A_GAL4,4,1,0
22-Sep-25,Appl_T2A_GAL4,4,2,2.263
22-Sep-25,Appl_T2A_GAL4,4,2,0.8
22-Sep-25,Appl_T2A_GAL4,4,2,0.653
22-Sep-25,Appl_T2A_GAL4,4,2,0.463
22-Sep-25,Appl_T2A_GAL4,4,2,0.231
22-Sep-25,Appl_T2A_GAL4,4,2,1.375
22-Sep-25,Appl_T2A_GAL4,4,2,1.13
22-Sep-25,Appl_T2A_GAL4,4,2,0.956
22-Sep-25,Appl_T2A_GAL4,4,2,1.29
22-Sep-25,Appl_T2A_GAL4,4,2,1.404
22-Sep-25,Appl_T2A_GAL4,4,2,1.143
22-Sep-25,Appl_T2A_GAL4,4,2,0.61
22-Sep-25,Appl_T2A_GAL4,4,2,0.436
22-Sep-25,Appl_T2A_GAL4,4,2,1.78
22-Sep-25,Appl_T2A_GAL4,4,2,2.059
22-Sep-25,Appl_T2A_GAL4,4,2,2.311
22-Sep-25,Appl_T2A_GAL4,4,2,2.344
22-Sep-25,Appl_T2A_GAL4,4,2,3.822
22-Sep-25,Appl_T2A_GAL4,4,3,1.211
22-Sep-25,Appl_T2A_GAL4,4,3,0.972
22-Sep-25,Appl_T2A_GAL4,4,3,0.952
22-Sep-25,Appl_T2A_GAL4,4,3,1.076
22-Sep-25,Appl_T2A_GAL4,4,3,1.262
22-Sep-25,Appl_T2A_GAL4,4,3,2.43
22-Sep-25,Appl_T2A_GAL4,4,3,0.898
22-Sep-25,Appl_T2A_GAL4,4,3,2.765
22-Sep-25,Appl_T2A_GAL4,4,3,3.901
22-Sep-25,Appl_T2A_GAL4,4,3,1.306
22-Sep-25,Appl_T2A_GAL4,4,3,0.913
22-Sep-25,Appl_T2A_GAL4,4,3,1.07
22-Sep-25,Appl_T2A_GAL4,4,3,1.158
22-Sep-25,Appl_T2A_GAL4,4,3,0.921
22-Sep-25,Appl_T2A_GAL4,4,3,0.49
22-Sep-25,Appl_T2A_GAL4,4,3,1.796
22-Sep-25,Appl_T2A_GAL4,4,3,1.411
22-Sep-25,Appl_T2A_GAL4,4,3,1.181
22-Sep-25,Appl_T2A_GAL4,4,4,4.158
22-Sep-25,Appl_T2A_GAL4,4,4,2.65
22-Sep-25,Appl_T2A_GAL4,4,4,2.498
22-Sep-25,Appl_T2A_GAL4,4,4,2.525
22-Sep-25,Appl_T2A_GAL4,4,4,1.878
22-Sep-25,Appl_T2A_GAL4,4,4,1.617
22-Sep-25,Appl_T2A_GAL4,4,4,1.444
22-Sep-25,Appl_T2A_GAL4,4,4,1.177
22-Sep-25,Appl_T2A_GAL4,4,4,1.302
22-Sep-25,Appl_T2A_GAL4,4,4,1.278
22-Sep-25,Appl_T2A_GAL4,4,4,1.38
22-Sep-25,Appl_T2A_GAL4,4,4,1.314
22-Sep-25,Appl_T2A_GAL4,4,4,1.09
22-Sep-25,Appl_T2A_GAL4,4,4,0.83
22-Sep-25,Appl_T2A_GAL4,4,4,0.78
22-Sep-25,Appl_T2A_GAL4,4,4,0.462
22-Sep-25,Appl_T2A_GAL4,4,4,0.419
22-Sep-25,Appl_T2A_GAL4,4,4,0.52
1-Oct-25,Appl_T2A_GAL4,5,1,3.455
1-Oct-25,Appl_T2A_GAL4,5,1,1.114
1-Oct-25,Appl_T2A_GAL4,5,1,1.144
1-Oct-25,Appl_T2A_GAL4,5,1,1.015
1-Oct-25,Appl_T2A_GAL4,5,1,0.826
1-Oct-25,Appl_T2A_GAL4,5,1,0.803
1-Oct-25,Appl_T2A_GAL4,5,1,0.674
1-Oct-25,Appl_T2A_GAL4,5,1,0.713
1-Oct-25,Appl_T2A_GAL4,5,1,0.682
1-Oct-25,Appl_T2A_GAL4,5,1,0.659
1-Oct-25,Appl_T2A_GAL4,5,1,0.568
1-Oct-25,Appl_T2A_GAL4,5,1,0.401
1-Oct-25,Appl_T2A_GAL4,5,1,0.485
1-Oct-25,Appl_T2A_GAL4,5,1,0.356
1-Oct-25,Appl_T2A_GAL4,5,1,0.462
1-Oct-25,Appl_T2A_GAL4,5,2,4.245
1-Oct-25,Appl_T2A_GAL4,5,2,2.269
1-Oct-25,Appl_T2A_GAL4,5,2,1.93
1-Oct-25,Appl_T2A_GAL4,5,2,1.561
1-Oct-25,Appl_T2A_GAL4,5,2,1.038
1-Oct-25,Appl_T2A_GAL4,5,2,0.969
1-Oct-25,Appl_T2A_GAL4,5,2,0.861
1-Oct-25,Appl_T2A_GAL4,5,2,0.738
1-Oct-25,Appl_T2A_GAL4,5,2,0.654
1-Oct-25,Appl_T2A_GAL4,5,2,0.586
1-Oct-25,Appl_T2A_GAL4,5,2,0.423
1-Oct-25,Appl_T2A_GAL4,5,2,0.446
1-Oct-25,Appl_T2A_GAL4,5,2,0.731
1-Oct-25,Appl_T2A_GAL4,5,2,0.477
1-Oct-25,Appl_T2A_GAL4,5,2,0.585
1-Oct-25,Appl_T2A_GAL4,5,3,5.424
1-Oct-25,Appl_T2A_GAL4,5,3,3.089
1-Oct-25,Appl_T2A_GAL4,5,3,2.689
1-Oct-25,Appl_T2A_GAL4,5,3,1.769
1-Oct-25,Appl_T2A_GAL4,5,3,1.321
1-Oct-25,Appl_T2A_GAL4,5,3,0.91
1-Oct-25,Appl_T2A_GAL4,5,3,0.957
1-Oct-25,Appl_T2A_GAL4,5,3,0.999
1-Oct-25,Appl_T2A_GAL4,5,3,0.731
1-Oct-25,Appl_T2A_GAL4,5,3,0.627
1-Oct-25,Appl_T2A_GAL4,5,3,0.575
1-Oct-25,Appl_T2A_GAL4,5,3,0.63
1-Oct-25,Appl_T2A_GAL4,5,3,0.612
1-Oct-25,Appl_T2A_GAL4,5,3,0.344
1-Oct-25,Appl_T2A_GAL4,5,3,0
1-Oct-25,Appl_T2A_GAL4,5,4,3.671
1-Oct-25,Appl_T2A_GAL4,5,4,2.36
1-Oct-25,Appl_T2A_GAL4,5,4,1.899
1-Oct-25,Appl_T2A_GAL4,5,4,1.632
1-Oct-25,Appl_T2A_GAL4,5,4,1.488
1-Oct-25,Appl_T2A_GAL4,5,4,1.152
1-Oct-25,Appl_T2A_GAL4,5,4,0.984
1-Oct-25,Appl_T2A_GAL4,5,4,0.864
1-Oct-25,Appl_T2A_GAL4,5,4,0.872
1-Oct-25,Appl_T2A_GAL4,5,4,0.6
1-Oct-25,Appl_T2A_GAL4,5,4,0.56
1-Oct-25,Appl_T2A_GAL4,5,4,0.424
1-Oct-25,Appl_T2A_GAL4,5,4,0.52
1-Oct-25,Appl_T2A_GAL4,5,4,0.48
1-Oct-25,Appl_T2A_GAL4,5,4,0.602
7-Oct-25,Appl_T2A_GAL4,6,1,4.391
7-Oct-25,Appl_T2A_GAL4,6,1,2.41
7-Oct-25,Appl_T2A_GAL4,6,1,1.905
7-Oct-25,Appl_T2A_GAL4,6,1,1.239
7-Oct-25,Appl_T2A_GAL4,6,1,0.641
7-Oct-25,Appl_T2A_GAL4,6,1,0.718
7-Oct-25,Appl_T2A_GAL4,6,1,0.794
7-Oct-25,Appl_T2A_GAL4,6,2,5.589
7-Oct-25,Appl_T2A_GAL4,6,2,2.815
7-Oct-25,Appl_T2A_GAL4,6,2,1.694
7-Oct-25,Appl_T2A_GAL4,6,2,0.702
7-Oct-25,Appl_T2A_GAL4,6,2,0.597
7-Oct-25,Appl_T2A_GAL4,6,2,0.589
7-Oct-25,Appl_T2A_GAL4,6,2,0.759
7-Oct-25,Appl_T2A_GAL4,6,3,6.267
7-Oct-25,Appl_T2A_GAL4,6,3,3.684
7-Oct-25,Appl_T2A_GAL4,6,3,1.338
7-Oct-25,Appl_T2A_GAL4,6,3,0.802
7-Oct-25,Appl_T2A_GAL4,6,3,0.737
7-Oct-25,Appl_T2A_GAL4,6,3,0.57
7-Oct-25,Appl_T2A_GAL4,6,3,0.669
7-Oct-25,Appl_T2A_GAL4,6,4,4.599
7-Oct-25,Appl_T2A_GAL4,6,4,4.439
7-Oct-25,Appl_T2A_GAL4,6,4,1.779
7-Oct-25,Appl_T2A_GAL4,6,4,1.382
7-Oct-25,Appl_T2A_GAL4,6,4,1.272
7-Oct-25,Appl_T2A_GAL4,6,4,1.347
7-Oct-25,Appl_T2A_GAL4,6,4,0.727
21-Oct-25,Appl_T2A_GAL4,7,1,1.12
21-Oct-25,Appl_T2A_GAL4,7,1,0.56
21-Oct-25,Appl_T2A_GAL4,7,1,0.984
21-Oct-25,Appl_T2A_GAL4,7,1,1.516
21-Oct-25,Appl_T2A_GAL4,7,1,0.861
21-Oct-25,Appl_T2A_GAL4,7,1,0.506
21-Oct-25,Appl_T2A_GAL4,7,1,0.493
21-Oct-25,Appl_T2A_GAL4,7,1,0.412
21-Oct-25,Appl_T2A_GAL4,7,1,0.669
21-Oct-25,Appl_T2A_GAL4,7,1,1.23
21-Oct-25,Appl_T2A_GAL4,7,2,2.733
21-Oct-25,Appl_T2A_GAL4,7,2,2.162
21-Oct-25,Appl_T2A_GAL4,7,2,1.372
21-Oct-25,Appl_T2A_GAL4,7,2,1.234
21-Oct-25,Appl_T2A_GAL4,7,2,1.192
21-Oct-25,Appl_T2A_GAL4,7,2,0.749
21-Oct-25,Appl_T2A_GAL4,7,2,0.929
21-Oct-25,Appl_T2A_GAL4,7,2,0.763
21-Oct-25,Appl_T2A_GAL4,7,2,0.416
21-Oct-25,Appl_T2A_GAL4,7,2,0.389
21-Oct-25,Appl_T2A_GAL4,7,3,4.098
21-Oct-25,Appl_T2A_GAL4,7,3,3.698
21-Oct-25,Appl_T2A_GAL4,7,3,3.301
21-Oct-25,Appl_T2A_GAL4,7,3,2.537
21-Oct-25,Appl_T2A_GAL4,7,3,1.147
21-Oct-25,Appl_T2A_GAL4,7,3,1.034
21-Oct-25,Appl_T2A_GAL4,7,3,0.821
21-Oct-25,Appl_T2A_GAL4,7,3,0.666
21-Oct-25,Appl_T2A_GAL4,7,3,0.524
21-Oct-25,Appl_T2A_GAL4,7,3,0.566
21-Oct-25,Appl_T2A_GAL4,7,4,2.887
21-Oct-25,Appl_T2A_GAL4,7,4,2.595
21-Oct-25,Appl_T2A_GAL4,7,4,1.531
21-Oct-25,Appl_T2A_GAL4,7,4,1.138
21-Oct-25,Appl_T2A_GAL4,7,4,1.21
21-Oct-25,Appl_T2A_GAL4,7,4,0.846
21-Oct-25,Appl_T2A_GAL4,7,4,0.599
21-Oct-25,Appl_T2A_GAL4,7,4,0.598
21-Oct-25,Appl_T2A_GAL4,7,4,0.66
21-Oct-25,Appl_T2A_GAL4,7,4,0.714
10-Sep-25,CantonS,1,1,3.586
10-Sep-25,CantonS,1,1,4.672
10-Sep-25,CantonS,1,1,4.117
10-Sep-25,CantonS,1,1,4.75
10-Sep-25,CantonS,1,1,1
10-Sep-25,CantonS,1,1,2.094
10-Sep-25,CantonS,1,1,4.625
10-Sep-25,CantonS,1,1,3.789
10-Sep-25,CantonS,1,1,0.5
10-Sep-25,CantonS,1,1,4.914
10-Sep-25,CantonS,1,1,1.594
10-Sep-25,CantonS,1,1,0.492
10-Sep-25,CantonS,1,1,0.219
10-Sep-25,CantonS,1,1,1.399
10-Sep-25,CantonS,1,1,0.68
10-Sep-25,CantonS,1,1,3.82
10-Sep-25,CantonS,1,1,5.117
10-Sep-25,CantonS,1,1,7.249
10-Sep-25,CantonS,1,1,8.688
10-Sep-25,CantonS,1,1,9.33
10-Sep-25,CantonS,1,1,9.093
10-Sep-25,CantonS,1,2,9.374
10-Sep-25,CantonS,1,2,5.78
10-Sep-25,CantonS,1,2,5.389
10-Sep-25,CantonS,1,2,4.812
10-Sep-25,CantonS,1,2,2.984
10-Sep-25,CantonS,1,2,3.64
10-Sep-25,CantonS,1,2,4.452
10-Sep-25,CantonS,1,2,9.419
10-Sep-25,CantonS,1,2,2.718
10-Sep-25,CantonS,1,2,0.453
10-Sep-25,CantonS,1,2,5.282
10-Sep-25,CantonS,1,2,4.72
10-Sep-25,CantonS,1,2,3.689
10-Sep-25,CantonS,1,2,2.095
10-Sep-25,CantonS,1,2,6.28
10-Sep-25,CantonS,1,2,1.281
10-Sep-25,CantonS,1,2,0.485
10-Sep-25,CantonS,1,2,10.372
10-Sep-25,CantonS,1,2,7.123
10-Sep-25,CantonS,1,2,6.64
10-Sep-25,CantonS,1,2,5.624
10-Sep-25,CantonS,1,3,9.485
10-Sep-25,CantonS,1,3,4.53
10-Sep-25,CantonS,1,3,6.74
10-Sep-25,CantonS,1,3,8.415
10-Sep-25,CantonS,1,3,3.657
10-Sep-25,CantonS,1,3,6.94
10-Sep-25,CantonS,1,3,9.482
10-Sep-25,CantonS,1,3,7.554
10-Sep-25,CantonS,1,3,5.184
10-Sep-25,CantonS,1,3,0.643
10-Sep-25,CantonS,1,3,7.312
10-Sep-25,CantonS,1,3,4.328
10-Sep-25,CantonS,1,3,1.001
10-Sep-25,CantonS,1,3,5.241
10-Sep-25,CantonS,1,3,10.096
10-Sep-25,CantonS,1,3,9.182
10-Sep-25,CantonS,1,3,8.554
10-Sep-25,CantonS,1,3,8.14
10-Sep-25,CantonS,1,3,7.497
10-Sep-25,CantonS,1,3,4.412
10-Sep-25,CantonS,1,3,3.371
10-Sep-25,CantonS,1,4,9.294
10-Sep-25,CantonS,1,4,5.078
10-Sep-25,CantonS,1,4,4.625
10-Sep-25,CantonS,1,4,3.759
10-Sep-25,CantonS,1,4,3.532
10-Sep-25,CantonS,1,4,3.192
10-Sep-25,CantonS,1,4,2.638
10-Sep-25,CantonS,1,4,2.114
10-Sep-25,CantonS,1,4,2.072
10-Sep-25,CantonS,1,4,1.56
10-Sep-25,CantonS,1,4,7.291
10-Sep-25,CantonS,1,4,6.042
10-Sep-25,CantonS,1,4,9.363
10-Sep-25,CantonS,1,4,7.849
10-Sep-25,CantonS,1,4,7.787
10-Sep-25,CantonS,1,4,8.569
10-Sep-25,CantonS,1,4,5.971
10-Sep-25,CantonS,1,4,7.347
10-Sep-25,CantonS,1,4,3.504
10-Sep-25,CantonS,1,4,0.525
10-Sep-25,CantonS,1,4,1.859
17-Sep-25,CantonS,2,1,1.498
17-Sep-25,CantonS,2,1,1.093
17-Sep-25,CantonS,2,1,5.476
17-Sep-25,CantonS,2,1,3.649
17-Sep-25,CantonS,2,1,4.538
17-Sep-25,CantonS,2,1,1.03
17-Sep-25,CantonS,2,1,4.633
17-Sep-25,CantonS,2,1,0.89
17-Sep-25,CantonS,2,1,0.531
17-Sep-25,CantonS,2,1,7.349
17-Sep-25,CantonS,2,1,6.73
17-Sep-25,CantonS,2,1,5.139
17-Sep-25,CantonS,2,1,3.713
17-Sep-25,CantonS,2,1,2.901
17-Sep-25,CantonS,2,1,2.48
17-Sep-25,CantonS,2,1,0.656
17-Sep-25,CantonS,2,2,7.086
17-Sep-25,CantonS,2,2,3.802
17-Sep-25,CantonS,2,2,1.882
17-Sep-25,CantonS,2,2,5.384
17-Sep-25,CantonS,2,2,8.999
17-Sep-25,CantonS,2,2,7.049
17-Sep-25,CantonS,2,2,4.343
17-Sep-25,CantonS,2,2,1.512
17-Sep-25,CantonS,2,2,0.835
17-Sep-25,CantonS,2,2,4.724
17-Sep-25,CantonS,2,2,7.946
17-Sep-25,CantonS,2,2,4.674
17-Sep-25,CantonS,2,2,0
17-Sep-25,CantonS,2,2,0
17-Sep-25,CantonS,2,2,0
17-Sep-25,CantonS,2,2,0
17-Sep-25,CantonS,2,3,0.522
17-Sep-25,CantonS,2,3,0.805
17-Sep-25,CantonS,2,3,2.012
17-Sep-25,CantonS,2,3,3.71
17-Sep-25,CantonS,2,3,8.105
17-Sep-25,CantonS,2,3,0.477
17-Sep-25,CantonS,2,3,2.98
17-Sep-25,CantonS,2,3,0.894
17-Sep-25,CantonS,2,3,2.071
17-Sep-25,CantonS,2,3,1.761
17-Sep-25,CantonS,2,3,3.367
17-Sep-25,CantonS,2,3,7.716
17-Sep-25,CantonS,2,3,5.607
17-Sep-25,CantonS,2,3,5.05
17-Sep-25,CantonS,2,3,3.883
17-Sep-25,CantonS,2,3,2.439
17-Sep-25,CantonS,2,4,3.259
17-Sep-25,CantonS,2,4,4.067
17-Sep-25,CantonS,2,4,6.327
17-Sep-25,CantonS,2,4,5.405
17-Sep-25,CantonS,2,4,5.681
17-Sep-25,CantonS,2,4,4.713
17-Sep-25,CantonS,2,4,0.69
17-Sep-25,CantonS,2,4,1.777
17-Sep-25,CantonS,2,4,8.963
17-Sep-25,CantonS,2,4,6.986
17-Sep-25,CantonS,2,4,4.688
17-Sep-25,CantonS,2,4,4.023
17-Sep-25,CantonS,2,4,3.313
17-Sep-25,CantonS,2,4,2.834
17-Sep-25,CantonS,2,4,1.265
17-Sep-25,CantonS,2,4,0
17-Sep-25,CantonS,3,1,4.05
17-Sep-25,CantonS,3,1,1.869
17-Sep-25,CantonS,3,1,0.899
17-Sep-25,CantonS,3,1,0.463
17-Sep-25,CantonS,3,1,0.721
17-Sep-25,CantonS,3,1,9.648
17-Sep-25,CantonS,3,1,0.952
17-Sep-25,CantonS,3,1,0.872
17-Sep-25,CantonS,3,1,6.524
17-Sep-25,CantonS,3,1,5.066
17-Sep-25,CantonS,3,1,3.83
17-Sep-25,CantonS,3,1,4.589
17-Sep-25,CantonS,3,1,5.249
17-Sep-25,CantonS,3,1,3.812
17-Sep-25,CantonS,3,1,3.581
17-Sep-25,CantonS,3,1,1.183
17-Sep-25,CantonS,3,2,2.505
17-Sep-25,CantonS,3,2,0.368
17-Sep-25,CantonS,3,2,3.563
17-Sep-25,CantonS,3,2,4.781
17-Sep-25,CantonS,3,2,2.662
17-Sep-25,CantonS,3,2,1.208
17-Sep-25,CantonS,3,2,0.937
17-Sep-25,CantonS,3,2,2.069
17-Sep-25,CantonS,3,2,4.78
17-Sep-25,CantonS,3,2,6.519
17-Sep-25,CantonS,3,2,7.254
17-Sep-25,CantonS,3,2,8.092
17-Sep-25,CantonS,3,2,9.165
17-Sep-25,CantonS,3,2,9.796
17-Sep-25,CantonS,3,2,0
17-Sep-25,CantonS,3,2,0
17-Sep-25,CantonS,3,3,8.316
17-Sep-25,CantonS,3,3,9.732
17-Sep-25,CantonS,3,3,6.515
17-Sep-25,CantonS,3,3,5.842
17-Sep-25,CantonS,3,3,3.578
17-Sep-25,CantonS,3,3,3.691
17-Sep-25,CantonS,3,3,3.114
17-Sep-25,CantonS,3,3,2.223
17-Sep-25,CantonS,3,3,1.77
17-Sep-25,CantonS,3,3,1.487
17-Sep-25,CantonS,3,3,1.552
17-Sep-25,CantonS,3,3,0.943
17-Sep-25,CantonS,3,3,0.205
17-Sep-25,CantonS,3,3,0.329
17-Sep-25,CantonS,3,3,0.596
17-Sep-25,CantonS,3,3,0
17-Sep-25,CantonS,3,4,8.001
17-Sep-25,CantonS,3,4,7.096
17-Sep-25,CantonS,3,4,5.326
17-Sep-25,CantonS,3,4,5.101
17-Sep-25,CantonS,3,4,3.276
17-Sep-25,CantonS,3,4,3.301
17-Sep-25,CantonS,3,4,2.314
17-Sep-25,CantonS,3,4,2.584
17-Sep-25,CantonS,3,4,0.969
17-Sep-25,CantonS,3,4,0.787
17-Sep-25,CantonS,3,4,0.795
17-Sep-25,CantonS,3,4,1.022
17-Sep-25,CantonS,3,4,0.673
17-Sep-25,CantonS,3,4,0.665
17-Sep-25,CantonS,3,4,0
17-Sep-25,CantonS,3,4,0
22-Sep-25,CantonS,4,1,5.777
22-Sep-25,CantonS,4,1,2.752
22-Sep-25,CantonS,4,1,10.065
22-Sep-25,CantonS,4,1,6.051
22-Sep-25,CantonS,4,1,7.785
22-Sep-25,CantonS,4,1,6.325
22-Sep-25,CantonS,4,1,10.037
22-Sep-25,CantonS,4,1,5.87
22-Sep-25,CantonS,4,1,3.368
22-Sep-25,CantonS,4,1,7.745
22-Sep-25,CantonS,4,1,4.547
22-Sep-25,CantonS,4,2,9.738
22-Sep-25,CantonS,4,2,4.703
22-Sep-25,CantonS,4,2,3.561
22-Sep-25,CantonS,4,2,2.763
22-Sep-25,CantonS,4,2,1.056
22-Sep-25,CantonS,4,2,0.767
22-Sep-25,CantonS,4,2,6.165
22-Sep-25,CantonS,4,2,6.805
22-Sep-25,CantonS,4,2,8.533
22-Sep-25,CantonS,4,2,8.889
22-Sep-25,CantonS,4,2,0
22-Sep-25,CantonS,4,3,9.99
22-Sep-25,CantonS,4,3,2.986
22-Sep-25,CantonS,4,3,10.246
22-Sep-25,CantonS,4,3,0.446
22-Sep-25,CantonS,4,3,6.843
22-Sep-25,CantonS,4,3,8.61
22-Sep-25,CantonS,4,3,8.017
22-Sep-25,CantonS,4,3,6.368
22-Sep-25,CantonS,4,3,10.187
22-Sep-25,CantonS,4,3,0.239
22-Sep-25,CantonS,4,3,10.035
22-Sep-25,CantonS,4,4,9.992
22-Sep-25,CantonS,4,4,8.665
22-Sep-25,CantonS,4,4,6.201
22-Sep-25,CantonS,4,4,2.326
22-Sep-25,CantonS,4,4,0.795
22-Sep-25,CantonS,4,4,8.187
22-Sep-25,CantonS,4,4,5.937
22-Sep-25,CantonS,4,4,3.079
22-Sep-25,CantonS,4,4,7.856
22-Sep-25,CantonS,4,4,7.126
22-Sep-25,CantonS,4,4,5.935
1-Oct-25,CantonS,5,1,9.014
1-Oct-25,CantonS,5,1,8.88
1-Oct-25,CantonS,5,1,8.848
1-Oct-25,CantonS,5,1,6.999
1-Oct-25,CantonS,5,1,7.017
1-Oct-25,CantonS,5,1,6.136
1-Oct-25,CantonS,5,1,5.699
1-Oct-25,CantonS,5,1,4.033
1-Oct-25,CantonS,5,1,3.888
1-Oct-25,CantonS,5,1,3.689
1-Oct-25,CantonS,5,1,3.311
1-Oct-25,CantonS,5,1,3.265
1-Oct-25,CantonS,5,1,2.75
1-Oct-25,CantonS,5,1,2.545
1-Oct-25,CantonS,5,1,1.992
1-Oct-25,CantonS,5,1,1.463
1-Oct-25,CantonS,5,1,1.016
1-Oct-25,CantonS,5,1,0.811
1-Oct-25,CantonS,5,1,0.644
1-Oct-25,CantonS,5,1,0.659
1-Oct-25,CantonS,5,1,0.432
1-Oct-25,CantonS,5,2,9.144
1-Oct-25,CantonS,5,2,9.067
1-Oct-25,CantonS,5,2,8.929
1-Oct-25,CantonS,5,2,8.813
1-Oct-25,CantonS,5,2,8.798
1-Oct-25,CantonS,5,2,8.569
1-Oct-25,CantonS,5,2,8.34
1-Oct-25,CantonS,5,2,7.971
1-Oct-25,CantonS,5,2,7.982
1-Oct-25,CantonS,5,2,7.738
1-Oct-25,CantonS,5,2,6.944
1-Oct-25,CantonS,5,2,6.286
1-Oct-25,CantonS,5,2,6.146
1-Oct-25,CantonS,5,2,5.525
1-Oct-25,CantonS,5,2,5.315
1-Oct-25,CantonS,5,2,4.676
1-Oct-25,CantonS,5,2,3.669
1-Oct-25,CantonS,5,2,3.43
1-Oct-25,CantonS,5,2,2.776
1-Oct-25,CantonS,5,2,1.723
1-Oct-25,CantonS,5,2,0.477
1-Oct-25,CantonS,5,3,9.102
1-Oct-25,CantonS,5,3,8.894
1-Oct-25,CantonS,5,3,8.632
1-Oct-25,CantonS,5,3,8.408
1-Oct-25,CantonS,5,3,6.991
1-Oct-25,CantonS,5,3,5.919
1-Oct-25,CantonS,5,3,5.811
1-Oct-25,CantonS,5,3,5.297
1-Oct-25,CantonS,5,3,5.134
1-Oct-25,CantonS,5,3,4.969
1-Oct-25,CantonS,5,3,4.567
1-Oct-25,CantonS,5,3,4.491
1-Oct-25,CantonS,5,3,4.115
1-Oct-25,CantonS,5,3,3.611
1-Oct-25,CantonS,5,3,3.134
1-Oct-25,CantonS,5,3,3.336
1-Oct-25,CantonS,5,3,1.589
1-Oct-25,CantonS,5,3,1.612
1-Oct-25,CantonS,5,3,1.052
1-Oct-25,CantonS,5,3,0.754
1-Oct-25,CantonS,5,3,0.478
1-Oct-25,CantonS,5,4,9.248
1-Oct-25,CantonS,5,4,8.8
1-Oct-25,CantonS,5,4,8.71
1-Oct-25,CantonS,5,4,8.177
1-Oct-25,CantonS,5,4,7.814
1-Oct-25,CantonS,5,4,7.574
1-Oct-25,CantonS,5,4,7.222
1-Oct-25,CantonS,5,4,6.28
1-Oct-25,CantonS,5,4,5.97
1-Oct-25,CantonS,5,4,4.831
1-Oct-25,CantonS,5,4,4.801
1-Oct-25,CantonS,5,4,4.84
1-Oct-25,CantonS,5,4,4.481
1-Oct-25,CantonS,5,4,3.527
1-Oct-25,CantonS,5,4,2.616
1-Oct-25,CantonS,5,4,2.623
1-Oct-25,CantonS,5,4,0.84
1-Oct-25,CantonS,5,4,0.718
1-Oct-25,CantonS,5,4,0.528
1-Oct-25,CantonS,5,4,0.288
1-Oct-25,CantonS,5,4,4.815
7-Oct-25,CantonS,6,1,9.365
7-Oct-25,CantonS,6,1,9.174
7-Oct-25,CantonS,6,1,8.138
7-Oct-25,CantonS,6,1,8.132
7-Oct-25,CantonS,6,1,6.478
7-Oct-25,CantonS,6,1,5.971
7-Oct-25,CantonS,6,1,6.167
7-Oct-25,CantonS,6,1,5.536
7-Oct-25,CantonS,6,1,5.229
7-Oct-25,CantonS,6,1,4.083
7-Oct-25,CantonS,6,1,1.794
7-Oct-25,CantonS,6,1,0.599
7-Oct-25,CantonS,6,1,0.974
7-Oct-25,CantonS,6,1,0.837
7-Oct-25,CantonS,6,1,0.427
7-Oct-25,CantonS,6,2,9.099
7-Oct-25,CantonS,6,2,8.98
7-Oct-25,CantonS,6,2,8.433
7-Oct-25,CantonS,6,2,7.938
7-Oct-25,CantonS,6,2,7.613
7-Oct-25,CantonS,6,2,7.008
7-Oct-25,CantonS,6,2,5.407
7-Oct-25,CantonS,6,2,4.672
7-Oct-25,CantonS,6,2,3.681
7-Oct-25,CantonS,6,2,3.113
7-Oct-25,CantonS,6,2,2.277
7-Oct-25,CantonS,6,2,2.167
7-Oct-25,CantonS,6,2,2.097
7-Oct-25,CantonS,6,2,0.406
7-Oct-25,CantonS,6,2,0.661
7-Oct-25,CantonS,6,3,9.511
7-Oct-25,CantonS,6,3,9.006
7-Oct-25,CantonS,6,3,8.261
7-Oct-25,CantonS,6,3,5.72
7-Oct-25,CantonS,6,3,5.673
7-Oct-25,CantonS,6,3,5.025
7-Oct-25,CantonS,6,3,4.777
7-Oct-25,CantonS,6,3,4.386
7-Oct-25,CantonS,6,3,3.519
7-Oct-25,CantonS,6,3,3.199
7-Oct-25,CantonS,6,3,2.793
7-Oct-25,CantonS,6,3,1.886
7-Oct-25,CantonS,6,3,0.744
7-Oct-25,CantonS,6,3,0.562
7-Oct-25,CantonS,6,3,0
7-Oct-25,CantonS,6,4,8.838
7-Oct-25,CantonS,6,4,8.636
7-Oct-25,CantonS,6,4,8.502
7-Oct-25,CantonS,6,4,8.367
7-Oct-25,CantonS,6,4,7.95
7-Oct-25,CantonS,6,4,7.221
7-Oct-25,CantonS,6,4,6.457
7-Oct-25,CantonS,6,4,6.324
7-Oct-25,CantonS,6,4,5.815
7-Oct-25,CantonS,6,4,4.931
7-Oct-25,CantonS,6,4,3.754
7-Oct-25,CantonS,6,4,0.576
7-Oct-25,CantonS,6,4,0.681
7-Oct-25,CantonS,6,4,0.707
7-Oct-25,CantonS,6,4,0
21-Oct-25,CantonS,7,1,8.703
21-Oct-25,CantonS,7,1,7.773
21-Oct-25,CantonS,7,1,6.857
21-Oct-25,CantonS,7,1,7.322
21-Oct-25,CantonS,7,1,8.947
21-Oct-25,CantonS,7,1,4.85
21-Oct-25,CantonS,7,1,2.8
21-Oct-25,CantonS,7,1,3.798
21-Oct-25,CantonS,7,1,0.437
21-Oct-25,CantonS,7,1,3.116
21-Oct-25,CantonS,7,1,7.103
21-Oct-25,CantonS,7,1,3.402
21-Oct-25,CantonS,7,1,6.298
21-Oct-25,CantonS,7,1,3.882
21-Oct-25,CantonS,7,1,9.06
21-Oct-25,CantonS,7,1,8.034
21-Oct-25,CantonS,7,1,3.798
21-Oct-25,CantonS,7,1,2.569
21-Oct-25,CantonS,7,1,6.806
21-Oct-25,CantonS,7,1,5.478
21-Oct-25,CantonS,7,1,5.068
21-Oct-25,CantonS,7,1,3.661
21-Oct-25,CantonS,7,1,3.292
21-Oct-25,CantonS,7,2,8.872
21-Oct-25,CantonS,7,2,8.622
21-Oct-25,CantonS,7,2,8.151
21-Oct-25,CantonS,7,2,8.22
21-Oct-25,CantonS,7,2,8.068
21-Oct-25,CantonS,7,2,7.43
21-Oct-25,CantonS,7,2,6.629
21-Oct-25,CantonS,7,2,6.169
21-Oct-25,CantonS,7,2,5.63
21-Oct-25,CantonS,7,2,5.309
21-Oct-25,CantonS,7,2,4.38
21-Oct-25,CantonS,7,2,4.089
21-Oct-25,CantonS,7,2,4.117
21-Oct-25,CantonS,7,2,4.007
21-Oct-25,CantonS,7,2,3.715
21-Oct-25,CantonS,7,2,3.897
21-Oct-25,CantonS,7,2,3.119
21-Oct-25,CantonS,7,2,2.994
21-Oct-25,CantonS,7,2,2.592
21-Oct-25,CantonS,7,2,2.593
21-Oct-25,CantonS,7,2,0.721
21-Oct-25,CantonS,7,2,0.693
21-Oct-25,CantonS,7,2,3.978
21-Oct-25,CantonS,7,3,9.206
21-Oct-25,CantonS,7,3,8.852
21-Oct-25,CantonS,7,3,8.753
21-Oct-25,CantonS,7,3,8.739
21-Oct-25,CantonS,7,3,8.527
21-Oct-25,CantonS,7,3,8.374
21-Oct-25,CantonS,7,3,7.79
21-Oct-25,CantonS,7,3,7.549
21-Oct-25,CantonS,7,3,6.885
21-Oct-25,CantonS,7,3,6.769
21-Oct-25,CantonS,7,3,6.161
21-Oct-25,CantonS,7,3,5.016
21-Oct-25,CantonS,7,3,4.858
21-Oct-25,CantonS,7,3,5.115
21-Oct-25,CantonS,7,3,3.909
21-Oct-25,CantonS,7,3,3.896
21-Oct-25,CantonS,7,3,3.591
21-Oct-25,CantonS,7,3,2.79
21-Oct-25,CantonS,7,3,2.154
21-Oct-25,CantonS,7,3,0.821
21-Oct-25,CantonS,7,3,0.524
21-Oct-25,CantonS,7,3,0
21-Oct-25,CantonS,7,3,0
21-Oct-25,CantonS,7,4,9.123
21-Oct-25,CantonS,7,4,9.125
21-Oct-25,CantonS,7,4,9.056
21-Oct-25,CantonS,7,4,8.632
21-Oct-25,CantonS,7,4,8.278
21-Oct-25,CantonS,7,4,7.987
21-Oct-25,CantonS,7,4,7.871
21-Oct-25,CantonS,7,4,7.244
21-Oct-25,CantonS,7,4,7.098
21-Oct-25,CantonS,7,4,6.165
21-Oct-25,CantonS,7,4,5.992
21-Oct-25,CantonS,7,4,4.988
21-Oct-25,CantonS,7,4,4.489
21-Oct-25,CantonS,7,4,4.478
21-Oct-25,CantonS,7,4,2.958
21-Oct-25,CantonS,7,4,2.144
21-Oct-25,CantonS,7,4,1.953
21-Oct-25,CantonS,7,4,1.137
21-Oct-25,CantonS,7,4,0.991
21-Oct-25,CantonS,7,4,0.467
21-Oct-25,CantonS,7,4,0.539
21-Oct-25,CantonS,7,4,0.641
21-Oct-25,CantonS,7,4,0
24-Oct-25,CantonS,8,1,8.847
24-Oct-25,CantonS,8,1,8.283
24-Oct-25,CantonS,8,1,7.297
24-Oct-25,CantonS,8,1,5.539
24-Oct-25,CantonS,8,1,4.953
24-Oct-25,CantonS,8,1,4.578
24-Oct-25,CantonS,8,1,4.171
24-Oct-25,CantonS,8,1,3.453
24-Oct-25,CantonS,8,1,3.144
24-Oct-25,CantonS,8,1,2.984
24-Oct-25,CantonS,8,1,2.172
24-Oct-25,CantonS,8,1,1.719
24-Oct-25,CantonS,8,1,1.391
24-Oct-25,CantonS,8,1,1.047
24-Oct-25,CantonS,8,1,0.813
24-Oct-25,CantonS,8,1,0.892
24-Oct-25,CantonS,8,1,0.891
24-Oct-25,CantonS,8,1,0.75
24-Oct-25,CantonS,8,1,0.892
24-Oct-25,CantonS,8,1,0.531
24-Oct-25,CantonS,8,1,0.563
24-Oct-25,CantonS,8,1,0.58
24-Oct-25,CantonS,8,1,0.531
24-Oct-25,CantonS,8,1,0.531
24-Oct-25,CantonS,8,2,8.297
24-Oct-25,CantonS,8,2,7.901
24-Oct-25,CantonS,8,2,6.032
24-Oct-25,CantonS,8,2,5.69
24-Oct-25,CantonS,8,2,4.658
24-Oct-25,CantonS,8,2,4.438
24-Oct-25,CantonS,8,2,3.595
24-Oct-25,CantonS,8,2,2.999
24-Oct-25,CantonS,8,2,3.13
24-Oct-25,CantonS,8,2,1.691
24-Oct-25,CantonS,8,2,1.195
24-Oct-25,CantonS,8,2,1.089
24-Oct-25,CantonS,8,2,0.797
24-Oct-25,CantonS,8,2,0.886
24-Oct-25,CantonS,8,2,0.585
24-Oct-25,CantonS,8,2,0.455
24-Oct-25,CantonS,8,2,0.863
24-Oct-25,CantonS,8,2,0.601
24-Oct-25,CantonS,8,2,0.968
24-Oct-25,CantonS,8,2,0.74
24-Oct-25,CantonS,8,2,0.618
24-Oct-25,CantonS,8,2,0.504
24-Oct-25,CantonS,8,2,0.895
24-Oct-25,CantonS,8,2,0.782
24-Oct-25,CantonS,8,3,7.533
24-Oct-25,CantonS,8,3,5.236
24-Oct-25,CantonS,8,3,5.089
24-Oct-25,CantonS,8,3,4.141
24-Oct-25,CantonS,8,3,3.548
24-Oct-25,CantonS,8,3,1.868
24-Oct-25,CantonS,8,3,1.538
24-Oct-25,CantonS,8,3,1.191
24-Oct-25,CantonS,8,3,1.046
24-Oct-25,CantonS,8,3,1.633
24-Oct-25,CantonS,8,3,0.647
24-Oct-25,CantonS,8,3,0.647
24-Oct-25,CantonS,8,3,0.684
24-Oct-25,CantonS,8,3,0.559
24-Oct-25,CantonS,8,3,0.632
24-Oct-25,CantonS,8,3,0.551
24-Oct-25,CantonS,8,3,0.882
24-Oct-25,CantonS,8,3,0.529
24-Oct-25,CantonS,8,3,0.699
24-Oct-25,CantonS,8,3,0.684
24-Oct-25,CantonS,8,3,0.875
24-Oct-25,CantonS,8,3,1.029
24-Oct-25,CantonS,8,3,0.993
24-Oct-25,CantonS,8,3,0.912
24-Oct-25,CantonS,8,4,8.313
24-Oct-25,CantonS,8,4,7.808
24-Oct-25,CantonS,8,4,7.454
24-Oct-25,CantonS,8,4,6.224
24-Oct-25,CantonS,8,4,5.78
24-Oct-25,CantonS,8,4,3.577
24-Oct-25,CantonS,8,4,3.074
24-Oct-25,CantonS,8,4,2.945
24-Oct-25,CantonS,8,4,2.438
24-Oct-25,CantonS,8,4,1.534
24-Oct-25,CantonS,8,4,1.28
24-Oct-25,CantonS,8,4,1.13
24-Oct-25,CantonS,8,4,1.219
24-Oct-25,CantonS,8,4,0.849
24-Oct-25,CantonS,8,4,0.849
24-Oct-25,CantonS,8,4,0.754
24-Oct-25,CantonS,8,4,0.822
24-Oct-25,CantonS,8,4,0.589
24-Oct-25,CantonS,8,4,0.466
24-Oct-25,CantonS,8,4,0.972
24-Oct-25,CantonS,8,4,0.706
24-Oct-25,CantonS,8,4,0.87
24-Oct-25,CantonS,8,4,0.965
24-Oct-25,CantonS,8,4,0.739
29-Oct-25,CantonS,9,1,6.11
29-Oct-25,CantonS,9,1,5.548
29-Oct-25,CantonS,9,1,5.235
29-Oct-25,CantonS,9,1,4.389
29-Oct-25,CantonS,9,1,4.249
29-Oct-25,CantonS,9,1,4.182
29-Oct-25,CantonS,9,1,2.204
29-Oct-25,CantonS,9,1,1.015
29-Oct-25,CantonS,9,1,0.841
29-Oct-25,CantonS,9,1,0.951
29-Oct-25,CantonS,9,1,0.753
29-Oct-25,CantonS,9,1,0.539
29-Oct-25,CantonS,9,1,0.951
29-Oct-25,CantonS,9,1,0.556
29-Oct-25,CantonS,9,1,0.508
29-Oct-25,CantonS,9,1,0.713
29-Oct-25,CantonS,9,1,1.117
29-Oct-25,CantonS,9,1,0.983
29-Oct-25,CantonS,9,1,0.856
29-Oct-25,CantonS,9,1,0.626
29-Oct-25,CantonS,9,1,0.603
29-Oct-25,CantonS,9,1,0.808
29-Oct-25,CantonS,9,2,7.805
29-Oct-25,CantonS,9,2,7.8
29-Oct-25,CantonS,9,2,7.305
29-Oct-25,CantonS,9,2,5.926
29-Oct-25,CantonS,9,2,4.705
29-Oct-25,CantonS,9,2,4.17
29-Oct-25,CantonS,9,2,3.846
29-Oct-25,CantonS,9,2,3.467
29-Oct-25,CantonS,9,2,2.366
29-Oct-25,CantonS,9,2,1.889
29-Oct-25,CantonS,9,2,0.959
29-Oct-25,CantonS,9,2,0.723
29-Oct-25,CantonS,9,2,0.813
29-Oct-25,CantonS,9,2,0.732
29-Oct-25,CantonS,9,2,0.577
29-Oct-25,CantonS,9,2,0.577
29-Oct-25,CantonS,9,2,0.651
29-Oct-25,CantonS,9,2,0.983
29-Oct-25,CantonS,9,2,0.976
29-Oct-25,CantonS,9,2,0.488
29-Oct-25,CantonS,9,2,0.927
29-Oct-25,CantonS,9,2,0.48
29-Oct-25,CantonS,9,3,8.491
29-Oct-25,CantonS,9,3,8.287
29-Oct-25,CantonS,9,3,7.064
29-Oct-25,CantonS,9,3,4.949
29-Oct-25,CantonS,9,3,3.19
29-Oct-25,CantonS,9,3,2.153
29-Oct-25,CantonS,9,3,1.271
29-Oct-25,CantonS,9,3,1.215
29-Oct-25,CantonS,9,3,0.759
29-Oct-25,CantonS,9,3,0.847
29-Oct-25,CantonS,9,3,0.592
29-Oct-25,CantonS,9,3,0.903
29-Oct-25,CantonS,9,3,0.895
29-Oct-25,CantonS,9,3,0.616
29-Oct-25,CantonS,9,3,0.8
29-Oct-25,CantonS,9,3,0.512
29-Oct-25,CantonS,9,3,0.632
29-Oct-25,CantonS,9,3,0.576
29-Oct-25,CantonS,9,3,0.951
29-Oct-25,CantonS,9,3,0.839
29-Oct-25,CantonS,9,3,0.704
29-Oct-25,CantonS,9,3,0.672
29-Oct-25,CantonS,9,4,8.382
29-Oct-25,CantonS,9,4,8.169
29-Oct-25,CantonS,9,4,6.216
29-Oct-25,CantonS,9,4,5.975
29-Oct-25,CantonS,9,4,2.751
29-Oct-25,CantonS,9,4,1.221
29-Oct-25,CantonS,9,4,1.146
29-Oct-25,CantonS,9,4,0.917
29-Oct-25,CantonS,9,4,1.04
29-Oct-25,CantonS,9,4,0.81
29-Oct-25,CantonS,9,4,0.647
29-Oct-25,CantonS,9,4,0.761
29-Oct-25,CantonS,9,4,0.581
29-Oct-25,CantonS,9,4,0.655
29-Oct-25,CantonS,9,4,0.949
29-Oct-25,CantonS,9,4,0.622
29-Oct-25,CantonS,9,4,0.769
29-Oct-25,CantonS,9,4,0.574
29-Oct-25,CantonS,9,4,0.917
29-Oct-25,CantonS,9,4,0.999
29-Oct-25,CantonS,9,4,0.671
29-Oct-25,CantonS,9,4,0.623
10-Sep-25,APPLd,1,1,2.86
10-Sep-25,APPLd,1,1,1.547
10-Sep-25,APPLd,1,1,0.563
10-Sep-25,APPLd,1,1,4.953
10-Sep-25,APPLd,1,1,5.171
10-Sep-25,APPLd,1,1,2.235
10-Sep-25,APPLd,1,1,0.562
10-Sep-25,APPLd,1,1,5.39
10-Sep-25,APPLd,1,1,3.312
10-Sep-25,APPLd,1,1,2.015
10-Sep-25,APPLd,1,1,1.234
10-Sep-25,APPLd,1,1,5.924
10-Sep-25,APPLd,1,1,3.376
10-Sep-25,APPLd,1,1,3.407
10-Sep-25,APPLd,1,1,3.83
10-Sep-25,APPLd,1,1,3.015
10-Sep-25,APPLd,1,1,5.875
10-Sep-25,APPLd,1,1,5.251
10-Sep-25,APPLd,1,1,1.453
10-Sep-25,APPLd,1,1,0.625
10-Sep-25,APPLd,1,1,2.125
10-Sep-25,APPLd,1,2,7.327
10-Sep-25,APPLd,1,2,6.842
10-Sep-25,APPLd,1,2,1.672
10-Sep-25,APPLd,1,2,5.639
10-Sep-25,APPLd,1,2,4.999
10-Sep-25,APPLd,1,2,5.998
10-Sep-25,APPLd,1,2,0.484
10-Sep-25,APPLd,1,2,4.265
10-Sep-25,APPLd,1,2,4.061
10-Sep-25,APPLd,1,2,5.264
10-Sep-25,APPLd,1,2,4.858
10-Sep-25,APPLd,1,2,4.405
10-Sep-25,APPLd,1,2,7.249
10-Sep-25,APPLd,1,2,3.343
10-Sep-25,APPLd,1,2,2.218
10-Sep-25,APPLd,1,2,6.905
10-Sep-25,APPLd,1,2,3.89
10-Sep-25,APPLd,1,2,6.733
10-Sep-25,APPLd,1,2,7.079
10-Sep-25,APPLd,1,2,0
10-Sep-25,APPLd,1,2,0
10-Sep-25,APPLd,1,3,7.756
10-Sep-25,APPLd,1,3,6.297
10-Sep-25,APPLd,1,3,5.983
10-Sep-25,APPLd,1,3,1.728
10-Sep-25,APPLd,1,3,8.739
10-Sep-25,APPLd,1,3,8.168
10-Sep-25,APPLd,1,3,6.069
10-Sep-25,APPLd,1,3,4.513
10-Sep-25,APPLd,1,3,3.384
10-Sep-25,APPLd,1,3,7.012
10-Sep-25,APPLd,1,3,6.398
10-Sep-25,APPLd,1,3,5.672
10-Sep-25,APPLd,1,3,5.284
10-Sep-25,APPLd,1,3,1.585
10-Sep-25,APPLd,1,3,5.184
10-Sep-25,APPLd,1,3,9.825
10-Sep-25,APPLd,1,3,8.969
10-Sep-25,APPLd,1,3,7.429
10-Sep-25,APPLd,1,3,2.071
10-Sep-25,APPLd,1,3,1.442
10-Sep-25,APPLd,1,3,0
10-Sep-25,APPLd,1,4,8.641
10-Sep-25,APPLd,1,4,6.015
10-Sep-25,APPLd,1,4,4.866
10-Sep-25,APPLd,1,4,4.695
10-Sep-25,APPLd,1,4,4.17
10-Sep-25,APPLd,1,4,3.903
10-Sep-25,APPLd,1,4,6.685
10-Sep-25,APPLd,1,4,0.383
10-Sep-25,APPLd,1,4,0.95
10-Sep-25,APPLd,1,4,8.496
10-Sep-25,APPLd,1,4,8.014
10-Sep-25,APPLd,1,4,6.354
10-Sep-25,APPLd,1,4,5.574
10-Sep-25,APPLd,1,4,5.234
10-Sep-25,APPLd,1,4,2.809
10-Sep-25,APPLd,1,4,2.936
10-Sep-25,APPLd,1,4,4.922
10-Sep-25,APPLd,1,4,6.568
10-Sep-25,APPLd,1,4,4.879
10-Sep-25,APPLd,1,4,3.773
10-Sep-25,APPLd,1,4,1.478
17-Sep-25,APPLd,2,1,8.469
17-Sep-25,APPLd,2,1,4.477
17-Sep-25,APPLd,2,1,3.353
17-Sep-25,APPLd,2,1,2.887
17-Sep-25,APPLd,2,1,2.153
17-Sep-25,APPLd,2,1,1.138
17-Sep-25,APPLd,2,1,3.619
17-Sep-25,APPLd,2,1,1.139
17-Sep-25,APPLd,2,1,3.712
17-Sep-25,APPLd,2,1,0.811
17-Sep-25,APPLd,2,1,3.447
17-Sep-25,APPLd,2,1,3.354
17-Sep-25,APPLd,2,1,5.365
17-Sep-25,APPLd,2,1,3.977
17-Sep-25,APPLd,2,1,2.495
17-Sep-25,APPLd,2,1,2.168
17-Sep-25,APPLd,2,2,7.725
17-Sep-25,APPLd,2,2,5.979
17-Sep-25,APPLd,2,2,5.625
17-Sep-25,APPLd,2,2,4.832
17-Sep-25,APPLd,2,2,4.116
17-Sep-25,APPLd,2,2,2.415
17-Sep-25,APPLd,2,2,3.34
17-Sep-25,APPLd,2,2,3.43
17-Sep-25,APPLd,2,2,4.98
17-Sep-25,APPLd,2,2,3.624
17-Sep-25,APPLd,2,2,0.925
17-Sep-25,APPLd,2,2,2.523
17-Sep-25,APPLd,2,2,3.086
17-Sep-25,APPLd,2,2,4.777
17-Sep-25,APPLd,2,2,3.582
17-Sep-25,APPLd,2,2,3.027
17-Sep-25,APPLd,2,3,4.112
17-Sep-25,APPLd,2,3,3.382
17-Sep-25,APPLd,2,3,6.794
17-Sep-25,APPLd,2,3,4.529
17-Sep-25,APPLd,2,3,4.112
17-Sep-25,APPLd,2,3,3.799
17-Sep-25,APPLd,2,3,6.809
17-Sep-25,APPLd,2,3,0.716
17-Sep-25,APPLd,2,3,2.222
17-Sep-25,APPLd,2,3,3.471
17-Sep-25,APPLd,2,3,2.876
17-Sep-25,APPLd,2,3,0.38
17-Sep-25,APPLd,2,3,2.177
17-Sep-25,APPLd,2,3,2.831
17-Sep-25,APPLd,2,3,0.463
17-Sep-25,APPLd,2,3,0
17-Sep-25,APPLd,2,4,7.094
17-Sep-25,APPLd,2,4,6.79
17-Sep-25,APPLd,2,4,6.109
17-Sep-25,APPLd,2,4,4.837
17-Sep-25,APPLd,2,4,4.438
17-Sep-25,APPLd,2,4,4.114
17-Sep-25,APPLd,2,4,3.275
17-Sep-25,APPLd,2,4,2.056
17-Sep-25,APPLd,2,4,0.691
17-Sep-25,APPLd,2,4,4.008
17-Sep-25,APPLd,2,4,5.667
17-Sep-25,APPLd,2,4,4.332
17-Sep-25,APPLd,2,4,0.279
17-Sep-25,APPLd,2,4,1.585
17-Sep-25,APPLd,2,4,3.524
17-Sep-25,APPLd,2,4,5.784
17-Sep-25,APPLd,3,1,5.024
17-Sep-25,APPLd,3,1,3.726
17-Sep-25,APPLd,3,1,2.119
17-Sep-25,APPLd,3,1,2.502
17-Sep-25,APPLd,3,1,4.379
17-Sep-25,APPLd,3,1,6.693
17-Sep-25,APPLd,3,1,0.225
17-Sep-25,APPLd,3,1,4.788
17-Sep-25,APPLd,3,1,5.536
17-Sep-25,APPLd,3,1,4.397
17-Sep-25,APPLd,3,1,4.737
17-Sep-25,APPLd,3,1,5.011
17-Sep-25,APPLd,3,1,2.367
17-Sep-25,APPLd,3,1,5.224
17-Sep-25,APPLd,3,1,0
17-Sep-25,APPLd,3,2,8.12
17-Sep-25,APPLd,3,2,7.672
17-Sep-25,APPLd,3,2,6.655
17-Sep-25,APPLd,3,2,5.566
17-Sep-25,APPLd,3,2,5.648
17-Sep-25,APPLd,3,2,5.352
17-Sep-25,APPLd,3,2,4.66
17-Sep-25,APPLd,3,2,4.224
17-Sep-25,APPLd,3,2,3.959
17-Sep-25,APPLd,3,2,3.85
17-Sep-25,APPLd,3,2,3.54
17-Sep-25,APPLd,3,2,3.393
17-Sep-25,APPLd,3,2,2.835
17-Sep-25,APPLd,3,2,0.648
17-Sep-25,APPLd,3,2,0.639
17-Sep-25,APPLd,3,3,6.734
17-Sep-25,APPLd,3,3,5.349
17-Sep-25,APPLd,3,3,5.264
17-Sep-25,APPLd,3,3,5.081
17-Sep-25,APPLd,3,3,4.527
17-Sep-25,APPLd,3,3,4.029
17-Sep-25,APPLd,3,3,3.371
17-Sep-25,APPLd,3,3,3.402
17-Sep-25,APPLd,3,3,1.512
17-Sep-25,APPLd,3,3,1.887
17-Sep-25,APPLd,3,3,1.746
17-Sep-25,APPLd,3,3,1.103
17-Sep-25,APPLd,3,3,1.283
17-Sep-25,APPLd,3,3,1.363
17-Sep-25,APPLd,3,3,0.351
17-Sep-25,APPLd,3,4,7.313
17-Sep-25,APPLd,3,4,6.683
17-Sep-25,APPLd,3,4,6.243
17-Sep-25,APPLd,3,4,5.821
17-Sep-25,APPLd,3,4,5.275
17-Sep-25,APPLd,3,4,4.942
17-Sep-25,APPLd,3,4,5.032
17-Sep-25,APPLd,3,4,4.455
17-Sep-25,APPLd,3,4,4.237
17-Sep-25,APPLd,3,4,3.65
17-Sep-25,APPLd,3,4,3.625
17-Sep-25,APPLd,3,4,3.381
17-Sep-25,APPLd,3,4,2.908
17-Sep-25,APPLd,3,4,2.638
17-Sep-25,APPLd,3,4,0.874
22-Sep-25,APPLd,4,1,7.809
22-Sep-25,APPLd,4,1,5.152
22-Sep-25,APPLd,4,1,4.791
22-Sep-25,APPLd,4,1,6.044
22-Sep-25,APPLd,4,1,5.008
22-Sep-25,APPLd,4,1,2.95
22-Sep-25,APPLd,4,1,7.607
22-Sep-25,APPLd,4,1,6.252
22-Sep-25,APPLd,4,1,5.293
22-Sep-25,APPLd,4,1,0.791
22-Sep-25,APPLd,4,1,0.715
22-Sep-25,APPLd,4,1,6.081
22-Sep-25,APPLd,4,1,1.581
22-Sep-25,APPLd,4,1,3.01
22-Sep-25,APPLd,4,1,1.475
22-Sep-25,APPLd,4,1,1.186
22-Sep-25,APPLd,4,1,0
22-Sep-25,APPLd,4,2,8.52
22-Sep-25,APPLd,4,2,7.196
22-Sep-25,APPLd,4,2,9.515
22-Sep-25,APPLd,4,2,8.416
22-Sep-25,APPLd,4,2,7.164
22-Sep-25,APPLd,4,2,5.762
22-Sep-25,APPLd,4,2,4.491
22-Sep-25,APPLd,4,2,3.882
22-Sep-25,APPLd,4,2,5.165
22-Sep-25,APPLd,4,2,4.01
22-Sep-25,APPLd,4,2,1.043
22-Sep-25,APPLd,4,2,6.251
22-Sep-25,APPLd,4,2,5.107
22-Sep-25,APPLd,4,2,2.2
22-Sep-25,APPLd,4,2,4.79
22-Sep-25,APPLd,4,2,3.14
22-Sep-25,APPLd,4,2,0.825
22-Sep-25,APPLd,4,3,9.453
22-Sep-25,APPLd,4,3,9.753
22-Sep-25,APPLd,4,3,6.934
22-Sep-25,APPLd,4,3,3.802
22-Sep-25,APPLd,4,3,6.791
22-Sep-25,APPLd,4,3,4.488
22-Sep-25,APPLd,4,3,6.018
22-Sep-25,APPLd,4,3,9.193
22-Sep-25,APPLd,4,3,6.146
22-Sep-25,APPLd,4,3,9.754
22-Sep-25,APPLd,4,3,7.884
22-Sep-25,APPLd,4,3,9.516
22-Sep-25,APPLd,4,3,7.601
22-Sep-25,APPLd,4,3,4.364
22-Sep-25,APPLd,4,3,2.078
22-Sep-25,APPLd,4,3,6.339
22-Sep-25,APPLd,4,3,5.805
22-Sep-25,APPLd,4,4,9.687
22-Sep-25,APPLd,4,4,9.133
22-Sep-25,APPLd,4,4,9.818
22-Sep-25,APPLd,4,4,8.403
22-Sep-25,APPLd,4,4,7.595
22-Sep-25,APPLd,4,4,7.184
22-Sep-25,APPLd,4,4,7.17
22-Sep-25,APPLd,4,4,6.976
22-Sep-25,APPLd,4,4,6.7
22-Sep-25,APPLd,4,4,6.087
22-Sep-25,APPLd,4,4,5.949
22-Sep-25,APPLd,4,4,4.957
22-Sep-25,APPLd,4,4,4.233
22-Sep-25,APPLd,4,4,3.86
22-Sep-25,APPLd,4,4,3.885
22-Sep-25,APPLd,4,4,3.321
22-Sep-25,APPLd,4,4,1.964
21-Oct-25,APPLd,5,1,1.571
21-Oct-25,APPLd,5,1,1.203
21-Oct-25,APPLd,5,1,8.583
21-Oct-25,APPLd,5,1,5.657
21-Oct-25,APPLd,5,1,1.161
21-Oct-25,APPLd,5,1,6.154
21-Oct-25,APPLd,5,1,0.847
21-Oct-25,APPLd,5,1,0.631
21-Oct-25,APPLd,5,1,4.194
21-Oct-25,APPLd,5,1,1.817
21-Oct-25,APPLd,5,1,1.079
21-Oct-25,APPLd,5,1,8.916
21-Oct-25,APPLd,5,1,7.324
21-Oct-25,APPLd,5,1,5.248
21-Oct-25,APPLd,5,1,4.392
21-Oct-25,APPLd,5,1,3.731
21-Oct-25,APPLd,5,1,3.034
21-Oct-25,APPLd,5,1,0
21-Oct-25,APPLd,5,2,8.678
21-Oct-25,APPLd,5,2,8.52
21-Oct-25,APPLd,5,2,7.972
21-Oct-25,APPLd,5,2,7.087
21-Oct-25,APPLd,5,2,7.199
21-Oct-25,APPLd,5,2,6.571
21-Oct-25,APPLd,5,2,5.309
21-Oct-25,APPLd,5,2,4.519
21-Oct-25,APPLd,5,2,4.562
21-Oct-25,APPLd,5,2,3.774
21-Oct-25,APPLd,5,2,3.577
21-Oct-25,APPLd,5,2,3.022
21-Oct-25,APPLd,5,2,1.455
21-Oct-25,APPLd,5,2,1.221
21-Oct-25,APPLd,5,2,0.735
21-Oct-25,APPLd,5,2,0.957
21-Oct-25,APPLd,5,2,0.721
21-Oct-25,APPLd,5,2,0.472
21-Oct-25,APPLd,5,3,8.711
21-Oct-25,APPLd,5,3,8.711
21-Oct-25,APPLd,5,3,8.532
21-Oct-25,APPLd,5,3,7.808
21-Oct-25,APPLd,5,3,7.614
21-Oct-25,APPLd,5,3,7.441
21-Oct-25,APPLd,5,3,7.055
21-Oct-25,APPLd,5,3,6.304
21-Oct-25,APPLd,5,3,5.833
21-Oct-25,APPLd,5,3,5.534
21-Oct-25,APPLd,5,3,4.915
21-Oct-25,APPLd,5,3,4.362
21-Oct-25,APPLd,5,3,3.26
21-Oct-25,APPLd,5,3,2.79
21-Oct-25,APPLd,5,3,2.284
21-Oct-25,APPLd,5,3,1.042
21-Oct-25,APPLd,5,3,0.935
21-Oct-25,APPLd,5,3,0.694
21-Oct-25,APPLd,5,4,9.021
21-Oct-25,APPLd,5,4,8.996
21-Oct-25,APPLd,5,4,8.626
21-Oct-25,APPLd,5,4,8.109
21-Oct-25,APPLd,5,4,7.309
21-Oct-25,APPLd,5,4,6.74
21-Oct-25,APPLd,5,4,6.708
21-Oct-25,APPLd,5,4,6.442
21-Oct-25,APPLd,5,4,5.885
21-Oct-25,APPLd,5,4,5.681
21-Oct-25,APPLd,5,4,4.1
21-Oct-25,APPLd,5,4,4.359
21-Oct-25,APPLd,5,4,3.892
21-Oct-25,APPLd,5,4,3.588
21-Oct-25,APPLd,5,4,3.287
21-Oct-25,APPLd,5,4,2.043
21-Oct-25,APPLd,5,4,1.705
21-Oct-25,APPLd,5,4,0.758
24-Oct-25,APPLd,6,1,4.859
24-Oct-25,APPLd,6,1,4.508
24-Oct-25,APPLd,6,1,4.117
24-Oct-25,APPLd,6,1,3.915
24-Oct-25,APPLd,6,1,3.859
24-Oct-25,APPLd,6,1,3.726
24-Oct-25,APPLd,6,1,2.101
24-Oct-25,APPLd,6,1,1.362
24-Oct-25,APPLd,6,1,1.195
24-Oct-25,APPLd,6,1,1.125
24-Oct-25,APPLd,6,1,1
24-Oct-25,APPLd,6,1,0.851
24-Oct-25,APPLd,6,1,0.993
24-Oct-25,APPLd,6,1,0.851
24-Oct-25,APPLd,6,1,0.766
24-Oct-25,APPLd,6,1,0.704
24-Oct-25,APPLd,6,1,0.539
24-Oct-25,APPLd,6,1,0.539
24-Oct-25,APPLd,6,1,0
24-Oct-25,APPLd,6,2,7.713
24-Oct-25,APPLd,6,2,6.47
24-Oct-25,APPLd,6,2,5.991
24-Oct-25,APPLd,6,2,5.576
24-Oct-25,APPLd,6,2,4.999
24-Oct-25,APPLd,6,2,4.275
24-Oct-25,APPLd,6,2,4.089
24-Oct-25,APPLd,6,2,3.698
24-Oct-25,APPLd,6,2,3.455
24-Oct-25,APPLd,6,2,2.568
24-Oct-25,APPLd,6,2,1.17
24-Oct-25,APPLd,6,2,0.903
24-Oct-25,APPLd,6,2,0.943
24-Oct-25,APPLd,6,2,0.675
24-Oct-25,APPLd,6,2,0.748
24-Oct-25,APPLd,6,2,0.74
24-Oct-25,APPLd,6,2,0.748
24-Oct-25,APPLd,6,2,0.553
24-Oct-25,APPLd,6,2,0.52
24-Oct-25,APPLd,6,3,5.766
24-Oct-25,APPLd,6,3,5.331
24-Oct-25,APPLd,6,3,4.823
24-Oct-25,APPLd,6,3,4.834
24-Oct-25,APPLd,6,3,4.528
24-Oct-25,APPLd,6,3,3.876
24-Oct-25,APPLd,6,3,2.596
24-Oct-25,APPLd,6,3,2.419
24-Oct-25,APPLd,6,3,1.919
24-Oct-25,APPLd,6,3,0.816
24-Oct-25,APPLd,6,3,0.64
24-Oct-25,APPLd,6,3,0.838
24-Oct-25,APPLd,6,3,0.603
24-Oct-25,APPLd,6,3,0.684
24-Oct-25,APPLd,6,3,0.42
24-Oct-25,APPLd,6,3,0.765
24-Oct-25,APPLd,6,3,0.853
24-Oct-25,APPLd,6,3,0.816
24-Oct-25,APPLd,6,3,0.654
24-Oct-25,APPLd,6,4,6.518
24-Oct-25,APPLd,6,4,5.026
24-Oct-25,APPLd,6,4,4.827
24-Oct-25,APPLd,6,4,3.663
24-Oct-25,APPLd,6,4,3.951
24-Oct-25,APPLd,6,4,3.423
24-Oct-25,APPLd,6,4,3.15
24-Oct-25,APPLd,6,4,3
24-Oct-25,APPLd,6,4,2.726
24-Oct-25,APPLd,6,4,2.513
24-Oct-25,APPLd,6,4,2.52
24-Oct-25,APPLd,6,4,2.267
24-Oct-25,APPLd,6,4,1.089
24-Oct-25,APPLd,6,4,0.911
24-Oct-25,APPLd,6,4,0.787
24-Oct-25,APPLd,6,4,0.76
24-Oct-25,APPLd,6,4,0.445
24-Oct-25,APPLd,6,4,0
24-Oct-25,APPLd,6,4,0
29-Oct-25,APPLd,7,1,6.355
29-Oct-25,APPLd,7,1,5.199
29-Oct-25,APPLd,7,1,4.461
29-Oct-25,APPLd,7,1,3.63
29-Oct-25,APPLd,7,1,1.474
29-Oct-25,APPLd,7,1,1.149
29-Oct-25,APPLd,7,1,0.951
29-Oct-25,APPLd,7,1,0.745
29-Oct-25,APPLd,7,1,0.927
29-Oct-25,APPLd,7,2,6.861
29-Oct-25,APPLd,7,2,6.251
29-Oct-25,APPLd,7,2,5.527
29-Oct-25,APPLd,7,2,4.959
29-Oct-25,APPLd,7,2,4.66
29-Oct-25,APPLd,7,2,3.52
29-Oct-25,APPLd,7,2,3.317
29-Oct-25,APPLd,7,2,2.763
29-Oct-25,APPLd,7,2,1.081
29-Oct-25,APPLd,7,3,6.108
29-Oct-25,APPLd,7,3,5.436
29-Oct-25,APPLd,7,3,4.604
29-Oct-25,APPLd,7,3,3.717
29-Oct-25,APPLd,7,3,1.735
29-Oct-25,APPLd,7,3,1.503
29-Oct-25,APPLd,7,3,0.959
29-Oct-25,APPLd,7,3,0.768
29-Oct-25,APPLd,7,3,0.44
29-Oct-25,APPLd,7,4,8.314
29-Oct-25,APPLd,7,4,6.498
29-Oct-25,APPLd,7,4,4.812
29-Oct-25,APPLd,7,4,4.632
29-Oct-25,APPLd,7,4,3.119
29-Oct-25,APPLd,7,4,2.954
29-Oct-25,APPLd,7,4,1.702
29-Oct-25,APPLd,7,4,1.483
29-Oct-25,APPLd,7,4,1.727
10-Sep-25,w1118,1,1,6.984
10-Sep-25,w1118,1,1,6.171
10-Sep-25,w1118,1,1,4.859
10-Sep-25,w1118,1,1,3.718
10-Sep-25,w1118,1,1,2.516
10-Sep-25,w1118,1,1,1.375
10-Sep-25,w1118,1,1,0.453
10-Sep-25,w1118,1,1,9.327
10-Sep-25,w1118,1,1,7.844
10-Sep-25,w1118,1,1,4.89
10-Sep-25,w1118,1,1,7.36
10-Sep-25,w1118,1,1,5.984
10-Sep-25,w1118,1,1,8.391
10-Sep-25,w1118,1,1,0
10-Sep-25,w1118,1,1,0
10-Sep-25,w1118,1,2,7.488
10-Sep-25,w1118,1,2,7.348
10-Sep-25,w1118,1,2,9.748
10-Sep-25,w1118,1,2,1.031
10-Sep-25,w1118,1,2,0.719
10-Sep-25,w1118,1,2,4.405
10-Sep-25,w1118,1,2,5.938
10-Sep-25,w1118,1,2,5.124
10-Sep-25,w1118,1,2,3.985
10-Sep-25,w1118,1,2,4.499
10-Sep-25,w1118,1,2,1.515
10-Sep-25,w1118,1,2,5.909
10-Sep-25,w1118,1,2,8.045
10-Sep-25,w1118,1,2,9.404
10-Sep-25,w1118,1,2,9.232
10-Sep-25,w1118,1,3,1.573
10-Sep-25,w1118,1,3,3.613
10-Sep-25,w1118,1,3,3.727
10-Sep-25,w1118,1,3,7.997
10-Sep-25,w1118,1,3,7.611
10-Sep-25,w1118,1,3,7.497
10-Sep-25,w1118,1,3,5.626
10-Sep-25,w1118,1,3,3.956
10-Sep-25,w1118,1,3,3.213
10-Sep-25,w1118,1,3,8.116
10-Sep-25,w1118,1,3,7.838
10-Sep-25,w1118,1,3,6.012
10-Sep-25,w1118,1,3,1.585
10-Sep-25,w1118,1,3,0
10-Sep-25,w1118,1,3,0
10-Sep-25,w1118,1,4,8.133
10-Sep-25,w1118,1,4,1.163
10-Sep-25,w1118,1,4,0.724
10-Sep-25,w1118,1,4,9.106
10-Sep-25,w1118,1,4,7.319
10-Sep-25,w1118,1,4,5.136
10-Sep-25,w1118,1,4,9.461
10-Sep-25,w1118,1,4,5.547
10-Sep-25,w1118,1,4,3.135
10-Sep-25,w1118,1,4,1.589
10-Sep-25,w1118,1,4,0.398
10-Sep-25,w1118,1,4,0
10-Sep-25,w1118,1,4,0
10-Sep-25,w1118,1,4,0
10-Sep-25,w1118,1,4,0
17-Sep-25,w1118,2,1,7.971
17-Sep-25,w1118,2,1,4.043
17-Sep-25,w1118,2,1,3.308
17-Sep-25,w1118,2,1,6.8
17-Sep-25,w1118,2,1,4.263
17-Sep-25,w1118,2,1,2.763
17-Sep-25,w1118,2,1,5.911
17-Sep-25,w1118,2,1,0.77
17-Sep-25,w1118,2,1,7.269
17-Sep-25,w1118,2,1,5.148
17-Sep-25,w1118,2,1,1.685
17-Sep-25,w1118,2,1,4.337
17-Sep-25,w1118,2,1,9.17
17-Sep-25,w1118,2,1,6.441
17-Sep-25,w1118,2,1,1.638
17-Sep-25,w1118,2,2,9.716
17-Sep-25,w1118,2,2,8.224
17-Sep-25,w1118,2,2,6.625
17-Sep-25,w1118,2,2,6.413
17-Sep-25,w1118,2,2,4.445
17-Sep-25,w1118,2,2,0.925
17-Sep-25,w1118,2,2,0.447
17-Sep-25,w1118,2,2,7.785
17-Sep-25,w1118,2,2,6.904
17-Sep-25,w1118,2,2,3.012
17-Sep-25,w1118,2,2,9.693
17-Sep-25,w1118,2,2,8.201
17-Sep-25,w1118,2,2,5.428
17-Sep-25,w1118,2,2,3.892
17-Sep-25,w1118,2,2,0
17-Sep-25,w1118,2,3,8.493
17-Sep-25,w1118,2,3,8.126
17-Sep-25,w1118,2,3,7.838
17-Sep-25,w1118,2,3,10.057
17-Sep-25,w1118,2,3,9.028
17-Sep-25,w1118,2,3,6.461
17-Sep-25,w1118,2,3,3.473
17-Sep-25,w1118,2,3,6.187
17-Sep-25,w1118,2,3,1.909
17-Sep-25,w1118,2,3,1.862
17-Sep-25,w1118,2,3,0.275
17-Sep-25,w1118,2,3,3.665
17-Sep-25,w1118,2,3,3.695
17-Sep-25,w1118,2,3,7.554
17-Sep-25,w1118,2,3,3.918
17-Sep-25,w1118,2,4,9.44
17-Sep-25,w1118,2,4,8.933
17-Sep-25,w1118,2,4,9.876
17-Sep-25,w1118,2,4,10.059
17-Sep-25,w1118,2,4,1.814
17-Sep-25,w1118,2,4,1.366
17-Sep-25,w1118,2,4,1.028
17-Sep-25,w1118,2,4,7.518
17-Sep-25,w1118,2,4,4.037
17-Sep-25,w1118,2,4,6.048
17-Sep-25,w1118,2,4,6.886
17-Sep-25,w1118,2,4,9.076
17-Sep-25,w1118,2,4,10.131
17-Sep-25,w1118,2,4,9.968
17-Sep-25,w1118,2,4,0
17-Sep-25,w1118,3,1,5.563
17-Sep-25,w1118,3,1,2.504
17-Sep-25,w1118,3,1,5.807
17-Sep-25,w1118,3,1,3.177
17-Sep-25,w1118,3,1,0.81
17-Sep-25,w1118,3,1,1.982
17-Sep-25,w1118,3,1,8.553
17-Sep-25,w1118,3,1,9.729
17-Sep-25,w1118,3,1,6.907
17-Sep-25,w1118,3,1,4.21
17-Sep-25,w1118,3,1,2.821
17-Sep-25,w1118,3,1,2.262
17-Sep-25,w1118,3,1,3.569
17-Sep-25,w1118,3,1,3.472
17-Sep-25,w1118,3,1,2.243
17-Sep-25,w1118,3,1,1.872
17-Sep-25,w1118,3,1,7.934
17-Sep-25,w1118,3,1,8.812
17-Sep-25,w1118,3,1,8.829
17-Sep-25,w1118,3,1,9.261
17-Sep-25,w1118,3,2,9.582
17-Sep-25,w1118,3,2,8.653
17-Sep-25,w1118,3,2,8.544
17-Sep-25,w1118,3,2,7.407
17-Sep-25,w1118,3,2,5.921
17-Sep-25,w1118,3,2,5.577
17-Sep-25,w1118,3,2,5.16
17-Sep-25,w1118,3,2,4.413
17-Sep-25,w1118,3,2,4.29
17-Sep-25,w1118,3,2,4.05
17-Sep-25,w1118,3,2,3.975
17-Sep-25,w1118,3,2,3.258
17-Sep-25,w1118,3,2,3.152
17-Sep-25,w1118,3,2,2.682
17-Sep-25,w1118,3,2,1.737
17-Sep-25,w1118,3,2,1.208
17-Sep-25,w1118,3,2,0.701
17-Sep-25,w1118,3,2,0.403
17-Sep-25,w1118,3,2,0.702
17-Sep-25,w1118,3,2,0.35
17-Sep-25,w1118,3,3,8.496
17-Sep-25,w1118,3,3,8.282
17-Sep-25,w1118,3,3,8.218
17-Sep-25,w1118,3,3,7.696
17-Sep-25,w1118,3,3,5.807
17-Sep-25,w1118,3,3,5.639
17-Sep-25,w1118,3,3,5.381
17-Sep-25,w1118,3,3,5.09
17-Sep-25,w1118,3,3,4.651
17-Sep-25,w1118,3,3,4.644
17-Sep-25,w1118,3,3,4.083
17-Sep-25,w1118,3,3,2.927
17-Sep-25,w1118,3,3,2.49
17-Sep-25,w1118,3,3,2.544
17-Sep-25,w1118,3,3,2.214
17-Sep-25,w1118,3,3,1.696
17-Sep-25,w1118,3,3,1.28
17-Sep-25,w1118,3,3,1.032
17-Sep-25,w1118,3,3,0.689
17-Sep-25,w1118,3,3,1.743
17-Sep-25,w1118,3,4,9.954
17-Sep-25,w1118,3,4,9.792
17-Sep-25,w1118,3,4,6.963
17-Sep-25,w1118,3,4,6.221
17-Sep-25,w1118,3,4,6.045
17-Sep-25,w1118,3,4,5.859
17-Sep-25,w1118,3,4,5.562
17-Sep-25,w1118,3,4,4.794
17-Sep-25,w1118,3,4,4.191
17-Sep-25,w1118,3,4,4.231
17-Sep-25,w1118,3,4,3.747
17-Sep-25,w1118,3,4,3.458
17-Sep-25,w1118,3,4,3.056
17-Sep-25,w1118,3,4,2.952
17-Sep-25,w1118,3,4,2.836
17-Sep-25,w1118,3,4,1.816
17-Sep-25,w1118,3,4,1.459
17-Sep-25,w1118,3,4,1.135
17-Sep-25,w1118,3,4,1.126
17-Sep-25,w1118,3,4,0
22-Sep-25,w1118,4,1,9.993
22-Sep-25,w1118,4,1,8.81
22-Sep-25,w1118,4,1,4.581
22-Sep-25,w1118,4,1,5.534
22-Sep-25,w1118,4,1,0.974
22-Sep-25,w1118,4,1,0.913
22-Sep-25,w1118,4,1,10.521
22-Sep-25,w1118,4,1,5.398
22-Sep-25,w1118,4,1,2.632
22-Sep-25,w1118,4,1,10.567
22-Sep-25,w1118,4,1,5.625
22-Sep-25,w1118,4,1,3.895
22-Sep-25,w1118,4,1,2.175
22-Sep-25,w1118,4,1,10.34
22-Sep-25,w1118,4,1,9.964
22-Sep-25,w1118,4,1,8.271
22-Sep-25,w1118,4,1,7.481
22-Sep-25,w1118,4,1,6.568
22-Sep-25,w1118,4,1,5.838
22-Sep-25,w1118,4,2,0
22-Sep-25,w1118,4,2,0
22-Sep-25,w1118,4,2,0
22-Sep-25,w1118,4,2,7.948
22-Sep-25,w1118,4,2,0.694
22-Sep-25,w1118,4,2,8.234
22-Sep-25,w1118,4,2,0.651
22-Sep-25,w1118,4,2,8.826
22-Sep-25,w1118,4,2,0.724
22-Sep-25,w1118,4,2,2.316
22-Sep-25,w1118,4,2,6.598
22-Sep-25,w1118,4,2,5.657
22-Sep-25,w1118,4,2,8.305
22-Sep-25,w1118,4,2,7.582
22-Sep-25,w1118,4,2,8.28
22-Sep-25,w1118,4,2,7.901
22-Sep-25,w1118,4,2,6.077
22-Sep-25,w1118,4,2,5.313
22-Sep-25,w1118,4,2,4.04
22-Sep-25,w1118,4,3,4.827
22-Sep-25,w1118,4,3,4.223
22-Sep-25,w1118,4,3,0
22-Sep-25,w1118,4,3,5.047
22-Sep-25,w1118,4,3,1.87
22-Sep-25,w1118,4,3,1.01
22-Sep-25,w1118,4,3,7.26
22-Sep-25,w1118,4,3,9.727
22-Sep-25,w1118,4,3,10.51
22-Sep-25,w1118,4,3,7.854
22-Sep-25,w1118,4,3,10.333
22-Sep-25,w1118,4,3,8.24
22-Sep-25,w1118,4,3,4.929
22-Sep-25,w1118,4,3,10.322
22-Sep-25,w1118,4,3,8.257
22-Sep-25,w1118,4,3,7.531
22-Sep-25,w1118,4,3,10.074
22-Sep-25,w1118,4,3,8.826
22-Sep-25,w1118,4,3,3.506
22-Sep-25,w1118,4,4,6.108
22-Sep-25,w1118,4,4,4.512
22-Sep-25,w1118,4,4,3.394
22-Sep-25,w1118,4,4,10.368
22-Sep-25,w1118,4,4,9.806
22-Sep-25,w1118,4,4,9.03
22-Sep-25,w1118,4,4,10.324
22-Sep-25,w1118,4,4,5.229
22-Sep-25,w1118,4,4,5.778
22-Sep-25,w1118,4,4,5.061
22-Sep-25,w1118,4,4,4.838
22-Sep-25,w1118,4,4,1.69
22-Sep-25,w1118,4,4,0.766
22-Sep-25,w1118,4,4,10.399
22-Sep-25,w1118,4,4,8.886
22-Sep-25,w1118,4,4,8.764
22-Sep-25,w1118,4,4,8.317
22-Sep-25,w1118,4,4,5.978
22-Sep-25,w1118,4,4,2.151
24-Oct-25,w1118,5,1,6.384
24-Oct-25,w1118,5,1,4.145
24-Oct-25,w1118,5,1,3.033
24-Oct-25,w1118,5,1,1.891
24-Oct-25,w1118,5,1,1.906
24-Oct-25,w1118,5,1,1.672
24-Oct-25,w1118,5,1,1.594
24-Oct-25,w1118,5,1,1.5
24-Oct-25,w1118,5,1,1.594
24-Oct-25,w1118,5,1,1.25
24-Oct-25,w1118,5,1,1.281
24-Oct-25,w1118,5,1,1.063
24-Oct-25,w1118,5,1,1.032
24-Oct-25,w1118,5,1,0.832
24-Oct-25,w1118,5,1,0.789
24-Oct-25,w1118,5,1,1.11
24-Oct-25,w1118,5,1,0.766
24-Oct-25,w1118,5,1,0.523
24-Oct-25,w1118,5,1,0.555
24-Oct-25,w1118,5,1,0.609
24-Oct-25,w1118,5,1,0.469
24-Oct-25,w1118,5,1,0
24-Oct-25,w1118,5,2,8.61
24-Oct-25,w1118,5,2,8.161
24-Oct-25,w1118,5,2,4.69
24-Oct-25,w1118,5,2,4.357
24-Oct-25,w1118,5,2,4.325
24-Oct-25,w1118,5,2,4.246
24-Oct-25,w1118,5,2,2.796
24-Oct-25,w1118,5,2,1.759
24-Oct-25,w1118,5,2,1.887
24-Oct-25,w1118,5,2,1.853
24-Oct-25,w1118,5,2,1.707
24-Oct-25,w1118,5,2,1.439
24-Oct-25,w1118,5,2,1.048
24-Oct-25,w1118,5,2,0.983
24-Oct-25,w1118,5,2,1.073
24-Oct-25,w1118,5,2,1.18
24-Oct-25,w1118,5,2,0.967
24-Oct-25,w1118,5,2,0.805
24-Oct-25,w1118,5,2,0.626
24-Oct-25,w1118,5,2,0.593
24-Oct-25,w1118,5,2,0.764
24-Oct-25,w1118,5,2,0.471
24-Oct-25,w1118,5,3,7.72
24-Oct-25,w1118,5,3,6.707
24-Oct-25,w1118,5,3,6.23
24-Oct-25,w1118,5,3,5.501
24-Oct-25,w1118,5,3,4.676
24-Oct-25,w1118,5,3,4.267
24-Oct-25,w1118,5,3,3.655
24-Oct-25,w1118,5,3,2.361
24-Oct-25,w1118,5,3,1.515
24-Oct-25,w1118,5,3,1.309
24-Oct-25,w1118,5,3,1.221
24-Oct-25,w1118,5,3,1.213
24-Oct-25,w1118,5,3,1.096
24-Oct-25,w1118,5,3,0.986
24-Oct-25,w1118,5,3,0.919
24-Oct-25,w1118,5,3,0.625
24-Oct-25,w1118,5,3,0.588
24-Oct-25,w1118,5,3,0.471
24-Oct-25,w1118,5,3,0.67
24-Oct-25,w1118,5,3,0.772
24-Oct-25,w1118,5,3,0.647
24-Oct-25,w1118,5,3,0
24-Oct-25,w1118,5,4,8.168
24-Oct-25,w1118,5,4,7.228
24-Oct-25,w1118,5,4,7.048
24-Oct-25,w1118,5,4,6.456
24-Oct-25,w1118,5,4,5.013
24-Oct-25,w1118,5,4,4.934
24-Oct-25,w1118,5,4,4.19
24-Oct-25,w1118,5,4,3.451
24-Oct-25,w1118,5,4,3.325
24-Oct-25,w1118,5,4,2.164
24-Oct-25,w1118,5,4,2.006
24-Oct-25,w1118,5,4,1.411
24-Oct-25,w1118,5,4,0.945
24-Oct-25,w1118,5,4,1.118
24-Oct-25,w1118,5,4,1.18
24-Oct-25,w1118,5,4,1.089
24-Oct-25,w1118,5,4,1.075
24-Oct-25,w1118,5,4,0.836
24-Oct-25,w1118,5,4,0.527
24-Oct-25,w1118,5,4,0.568
24-Oct-25,w1118,5,4,0.431
24-Oct-25,w1118,5,4,0.514
29-Oct-25,w1118,6,1,8.814
29-Oct-25,w1118,6,1,7.031
29-Oct-25,w1118,6,1,6.332
29-Oct-25,w1118,6,1,5.572
29-Oct-25,w1118,6,1,5.47
29-Oct-25,w1118,6,1,3.305
29-Oct-25,w1118,6,1,3.226
29-Oct-25,w1118,6,1,2.813
29-Oct-25,w1118,6,1,2.601
29-Oct-25,w1118,6,1,2.211
29-Oct-25,w1118,6,1,1.807
29-Oct-25,w1118,6,1,1.696
29-Oct-25,w1118,6,1,1.426
29-Oct-25,w1118,6,1,1.331
29-Oct-25,w1118,6,1,1.125
29-Oct-25,w1118,6,1,0.88
29-Oct-25,w1118,6,1,0.832
29-Oct-25,w1118,6,1,0.499
29-Oct-25,w1118,6,1,0.594
29-Oct-25,w1118,6,1,0.642
29-Oct-25,w1118,6,1,0.507
29-Oct-25,w1118,6,2,8.965
29-Oct-25,w1118,6,2,8.86
29-Oct-25,w1118,6,2,8.073
29-Oct-25,w1118,6,2,8
29-Oct-25,w1118,6,2,6.029
29-Oct-25,w1118,6,2,5.779
29-Oct-25,w1118,6,2,5.301
29-Oct-25,w1118,6,2,3.837
29-Oct-25,w1118,6,2,3.635
29-Oct-25,w1118,6,2,2.585
29-Oct-25,w1118,6,2,2.359
29-Oct-25,w1118,6,2,1.594
29-Oct-25,w1118,6,2,1.398
29-Oct-25,w1118,6,2,1.422
29-Oct-25,w1118,6,2,0.927
29-Oct-25,w1118,6,2,1
29-Oct-25,w1118,6,2,0.846
29-Oct-25,w1118,6,2,0.732
29-Oct-25,w1118,6,2,0.448
29-Oct-25,w1118,6,2,0.593
29-Oct-25,w1118,6,2,0.512
29-Oct-25,w1118,6,3,7.475
29-Oct-25,w1118,6,3,6.381
29-Oct-25,w1118,6,3,3.415
29-Oct-25,w1118,6,3,3.502
29-Oct-25,w1118,6,3,3.254
29-Oct-25,w1118,6,3,2.303
29-Oct-25,w1118,6,3,2.302
29-Oct-25,w1118,6,3,1.767
29-Oct-25,w1118,6,3,1.559
29-Oct-25,w1118,6,3,1.287
29-Oct-25,w1118,6,3,0.799
29-Oct-25,w1118,6,3,0.631
29-Oct-25,w1118,6,3,0.88
29-Oct-25,w1118,6,3,1.095
29-Oct-25,w1118,6,3,0.831
29-Oct-25,w1118,6,3,0.68
29-Oct-25,w1118,6,3,0.919
29-Oct-25,w1118,6,3,0.32
29-Oct-25,w1118,6,3,0.752
29-Oct-25,w1118,6,3,0.951
29-Oct-25,w1118,6,3,0.767
29-Oct-25,w1118,6,4,8.395
29-Oct-25,w1118,6,4,6.948
29-Oct-25,w1118,6,4,6.608
29-Oct-25,w1118,6,4,5.025
29-Oct-25,w1118,6,4,4.166
29-Oct-25,w1118,6,4,3.855
29-Oct-25,w1118,6,4,3.644
29-Oct-25,w1118,6,4,3.576
29-Oct-25,w1118,6,4,3.052
29-Oct-25,w1118,6,4,2.758
29-Oct-25,w1118,6,4,2.308
29-Oct-25,w1118,6,4,1.866
29-Oct-25,w1118,6,4,1.801
29-Oct-25,w1118,6,4,1.522
29-Oct-25,w1118,6,4,1.123
29-Oct-25,w1118,6,4,0.982
29-Oct-25,w1118,6,4,0.728
29-Oct-25,w1118,6,4,0.534
29-Oct-25,w1118,6,4,0.434
29-Oct-25,w1118,6,4,0.532
29-Oct-25,w1118,6,4,0.696
27-Apr-26,elavDcrxApplRNAiBL28043,1,1,4.012
27-Apr-26,elavDcrxApplRNAiBL28043,1,1,1.655
27-Apr-26,elavDcrxApplRNAiBL28043,1,1,0.465
27-Apr-26,elavDcrxApplRNAiBL28043,1,1,0.362
27-Apr-26,elavDcrxApplRNAiBL28043,1,2,4.241
27-Apr-26,elavDcrxApplRNAiBL28043,1,2,3.122
27-Apr-26,elavDcrxApplRNAiBL28043,1,2,2.736
27-Apr-26,elavDcrxApplRNAiBL28043,1,2,1.438
27-Apr-26,elavDcrxApplRNAiBL28043,1,3,7.135
27-Apr-26,elavDcrxApplRNAiBL28043,1,3,4.824
27-Apr-26,elavDcrxApplRNAiBL28043,1,3,2.719
27-Apr-26,elavDcrxApplRNAiBL28043,1,3,0.842
27-Apr-26,elavDcrxApplRNAiBL28043,1,4,3.105
27-Apr-26,elavDcrxApplRNAiBL28043,1,4,2.527
27-Apr-26,elavDcrxApplRNAiBL28043,1,4,1.691
27-Apr-26,elavDcrxApplRNAiBL28043,1,4,1.255
25-Apr-26,elavDcrxApplRNAiBL28043,1,1,4.492
25-Apr-26,elavDcrxApplRNAiBL28043,1,1,2.553
25-Apr-26,elavDcrxApplRNAiBL28043,1,1,2.276
25-Apr-26,elavDcrxApplRNAiBL28043,1,1,0.98
25-Apr-26,elavDcrxApplRNAiBL28043,1,2,4.996
25-Apr-26,elavDcrxApplRNAiBL28043,1,2,2.818
25-Apr-26,elavDcrxApplRNAiBL28043,1,2,2.564
25-Apr-26,elavDcrxApplRNAiBL28043,1,2,0.873
25-Apr-26,elavDcrxApplRNAiBL28043,1,3,2.414
25-Apr-26,elavDcrxApplRNAiBL28043,1,3,1.473
25-Apr-26,elavDcrxApplRNAiBL28043,1,3,1.273
25-Apr-26,elavDcrxApplRNAiBL28043,1,3,0.328
25-Apr-26,elavDcrxApplRNAiBL28043,1,4,4.62
25-Apr-26,elavDcrxApplRNAiBL28043,1,4,3.857
25-Apr-26,elavDcrxApplRNAiBL28043,1,4,2.107
25-Apr-26,elavDcrxApplRNAiBL28043,1,4,1.357
23-Apr-26,elavDcrxApplRNAiBL28043,1,1,8.499
23-Apr-26,elavDcrxApplRNAiBL28043,1,1,8.137
23-Apr-26,elavDcrxApplRNAiBL28043,1,1,7.809
23-Apr-26,elavDcrxApplRNAiBL28043,1,1,7.188
23-Apr-26,elavDcrxApplRNAiBL28043,1,1,7.309
23-Apr-26,elavDcrxApplRNAiBL28043,1,1,4.068
23-Apr-26,elavDcrxApplRNAiBL28043,1,1,2.965
23-Apr-26,elavDcrxApplRNAiBL28043,1,1,1.413
23-Apr-26,elavDcrxApplRNAiBL28043,1,1,1.017
23-Apr-26,elavDcrxApplRNAiBL28043,1,1,1.275
23-Apr-26,elavDcrxApplRNAiBL28043,1,2,8.704
23-Apr-26,elavDcrxApplRNAiBL28043,1,2,7.834
23-Apr-26,elavDcrxApplRNAiBL28043,1,2,7.852
23-Apr-26,elavDcrxApplRNAiBL28043,1,2,6.621
23-Apr-26,elavDcrxApplRNAiBL28043,1,2,5.104
23-Apr-26,elavDcrxApplRNAiBL28043,1,2,3.872
23-Apr-26,elavDcrxApplRNAiBL28043,1,2,2.766
23-Apr-26,elavDcrxApplRNAiBL28043,1,2,2.605
23-Apr-26,elavDcrxApplRNAiBL28043,1,2,2.338
23-Apr-26,elavDcrxApplRNAiBL28043,1,2,1.338
23-Apr-26,elavDcrxApplRNAiBL28043,1,3,8.356
23-Apr-26,elavDcrxApplRNAiBL28043,1,3,8.119
23-Apr-26,elavDcrxApplRNAiBL28043,1,3,7.275
23-Apr-26,elavDcrxApplRNAiBL28043,1,3,6.982
23-Apr-26,elavDcrxApplRNAiBL28043,1,3,7.482
23-Apr-26,elavDcrxApplRNAiBL28043,1,3,6.051
23-Apr-26,elavDcrxApplRNAiBL28043,1,3,4.585
23-Apr-26,elavDcrxApplRNAiBL28043,1,3,4.137
23-Apr-26,elavDcrxApplRNAiBL28043,1,3,1.586
23-Apr-26,elavDcrxApplRNAiBL28043,1,3,1.207
23-Apr-26,elavDcrxApplRNAiBL28043,1,4,8.288
23-Apr-26,elavDcrxApplRNAiBL28043,1,4,8.258
23-Apr-26,elavDcrxApplRNAiBL28043,1,4,3.482
23-Apr-26,elavDcrxApplRNAiBL28043,1,4,1.638
23-Apr-26,elavDcrxApplRNAiBL28043,1,4,1.672
23-Apr-26,elavDcrxApplRNAiBL28043,1,4,1.172
23-Apr-26,elavDcrxApplRNAiBL28043,1,4,0.879
23-Apr-26,elavDcrxApplRNAiBL28043,1,4,0.862
23-Apr-26,elavDcrxApplRNAiBL28043,1,4,0.535
23-Apr-26,elavDcrxApplRNAiBL28043,1,4,1.259
27-Apr-26,elavDcrxRNAiCntrlBL36304,1,1,8.757
27-Apr-26,elavDcrxRNAiCntrlBL36304,1,1,8.861
27-Apr-26,elavDcrxRNAiCntrlBL36304,1,1,8.378
27-Apr-26,elavDcrxRNAiCntrlBL36304,1,1,6.706
27-Apr-26,elavDcrxRNAiCntrlBL36304,1,1,6.257
27-Apr-26,elavDcrxRNAiCntrlBL36304,1,2,8.79
27-Apr-26,elavDcrxRNAiCntrlBL36304,1,2,8.369
27-Apr-26,elavDcrxRNAiCntrlBL36304,1,2,7.614
27-Apr-26,elavDcrxRNAiCntrlBL36304,1,2,6.474
27-Apr-26,elavDcrxRNAiCntrlBL36304,1,2,5.684
27-Apr-26,elavDcrxRNAiCntrlBL36304,1,3,8.701
27-Apr-26,elavDcrxRNAiCntrlBL36304,1,3,6.578
27-Apr-26,elavDcrxRNAiCntrlBL36304,1,3,5.017
27-Apr-26,elavDcrxRNAiCntrlBL36304,1,3,3.123
27-Apr-26,elavDcrxRNAiCntrlBL36304,1,3,0.632
27-Apr-26,elavDcrxRNAiCntrlBL36304,1,4,7.745
27-Apr-26,elavDcrxRNAiCntrlBL36304,1,4,6.327
27-Apr-26,elavDcrxRNAiCntrlBL36304,1,4,4.163
27-Apr-26,elavDcrxRNAiCntrlBL36304,1,4,2.836
27-Apr-26,elavDcrxRNAiCntrlBL36304,1,4,2.473
25-Apr-26,elavDcrxRNAiCntrlBL36304,1,1,8.975
25-Apr-26,elavDcrxRNAiCntrlBL36304,1,1,8.531
25-Apr-26,elavDcrxRNAiCntrlBL36304,1,1,7.847
25-Apr-26,elavDcrxRNAiCntrlBL36304,1,1,6.884
25-Apr-26,elavDcrxRNAiCntrlBL36304,1,1,6.329
25-Apr-26,elavDcrxRNAiCntrlBL36304,1,1,5.737
25-Apr-26,elavDcrxRNAiCntrlBL36304,1,1,5.311
25-Apr-26,elavDcrxRNAiCntrlBL36304,1,2,8.636
25-Apr-26,elavDcrxRNAiCntrlBL36304,1,2,8.691
25-Apr-26,elavDcrxRNAiCntrlBL36304,1,2,7.836
25-Apr-26,elavDcrxRNAiCntrlBL36304,1,2,7.782
25-Apr-26,elavDcrxRNAiCntrlBL36304,1,2,7.309
25-Apr-26,elavDcrxRNAiCntrlBL36304,1,2,4.036
25-Apr-26,elavDcrxRNAiCntrlBL36304,1,2,3.182
25-Apr-26,elavDcrxRNAiCntrlBL36304,1,3,8.6
25-Apr-26,elavDcrxRNAiCntrlBL36304,1,3,8.309
25-Apr-26,elavDcrxRNAiCntrlBL36304,1,3,8.727
25-Apr-26,elavDcrxRNAiCntrlBL36304,1,3,8.4
25-Apr-26,elavDcrxRNAiCntrlBL36304,1,3,5.673
25-Apr-26,elavDcrxRNAiCntrlBL36304,1,3,4.964
25-Apr-26,elavDcrxRNAiCntrlBL36304,1,3,3.946
25-Apr-26,elavDcrxRNAiCntrlBL36304,1,4,8.267
25-Apr-26,elavDcrxRNAiCntrlBL36304,1,4,8.017
25-Apr-26,elavDcrxRNAiCntrlBL36304,1,4,7.892
25-Apr-26,elavDcrxRNAiCntrlBL36304,1,4,7.124
25-Apr-26,elavDcrxRNAiCntrlBL36304,1,4,5.339
25-Apr-26,elavDcrxRNAiCntrlBL36304,1,4,4.232
25-Apr-26,elavDcrxRNAiCntrlBL36304,1,4,0.322
23-Apr-26,elavDcrxRNAiCntrlBL36304,1,1,8.188
23-Apr-26,elavDcrxRNAiCntrlBL36304,1,1,7.206
23-Apr-26,elavDcrxRNAiCntrlBL36304,1,1,6.568
23-Apr-26,elavDcrxRNAiCntrlBL36304,1,1,6.516
23-Apr-26,elavDcrxRNAiCntrlBL36304,1,1,5.654
23-Apr-26,elavDcrxRNAiCntrlBL36304,1,1,4.93
23-Apr-26,elavDcrxRNAiCntrlBL36304,1,1,3.068
23-Apr-26,elavDcrxRNAiCntrlBL36304,1,1,2.43
23-Apr-26,elavDcrxRNAiCntrlBL36304,1,1,1.396
23-Apr-26,elavDcrxRNAiCntrlBL36304,1,1,1.069
23-Apr-26,elavDcrxRNAiCntrlBL36304,1,1,0.569
23-Apr-26,elavDcrxRNAiCntrlBL36304,1,1,0.31
23-Apr-26,elavDcrxRNAiCntrlBL36304,1,2,9.28
23-Apr-26,elavDcrxRNAiCntrlBL36304,1,2,9.102
23-Apr-26,elavDcrxRNAiCntrlBL36304,1,2,8.816
23-Apr-26,elavDcrxRNAiCntrlBL36304,1,2,8.584
23-Apr-26,elavDcrxRNAiCntrlBL36304,1,2,7.71
23-Apr-26,elavDcrxRNAiCntrlBL36304,1,2,7.46
23-Apr-26,elavDcrxRNAiCntrlBL36304,1,2,3.141
23-Apr-26,elavDcrxRNAiCntrlBL36304,1,2,1.785
23-Apr-26,elavDcrxRNAiCntrlBL36304,1,2,1.285
23-Apr-26,elavDcrxRNAiCntrlBL36304,1,2,0.893
23-Apr-26,elavDcrxRNAiCntrlBL36304,1,2,0.589
23-Apr-26,elavDcrxRNAiCntrlBL36304,1,2,0.268
23-Apr-26,elavDcrxRNAiCntrlBL36304,1,2,0.393
23-Apr-26,elavDcrxRNAiCntrlBL36304,1,3,8.757
23-Apr-26,elavDcrxRNAiCntrlBL36304,1,3,8.602
23-Apr-26,elavDcrxRNAiCntrlBL36304,1,3,8.43
23-Apr-26,elavDcrxRNAiCntrlBL36304,1,3,8.395
23-Apr-26,elavDcrxRNAiCntrlBL36304,1,3,8.257
23-Apr-26,elavDcrxRNAiCntrlBL36304,1,3,7.378
23-Apr-26,elavDcrxRNAiCntrlBL36304,1,3,6.034
23-Apr-26,elavDcrxRNAiCntrlBL36304,1,3,4.672
23-Apr-26,elavDcrxRNAiCntrlBL36304,1,3,4.223
23-Apr-26,elavDcrxRNAiCntrlBL36304,1,3,2.603
23-Apr-26,elavDcrxRNAiCntrlBL36304,1,3,0.689
23-Apr-26,elavDcrxRNAiCntrlBL36304,1,3,0.414
23-Apr-26,elavDcrxRNAiCntrlBL36304,1,3,0.379
23-Apr-26,elavDcrxRNAiCntrlBL36304,1,4,8.774
23-Apr-26,elavDcrxRNAiCntrlBL36304,1,4,8.188
23-Apr-26,elavDcrxRNAiCntrlBL36304,1,4,6.499
23-Apr-26,elavDcrxRNAiCntrlBL36304,1,4,6.24
23-Apr-26,elavDcrxRNAiCntrlBL36304,1,4,2.724
23-Apr-26,elavDcrxRNAiCntrlBL36304,1,4,2.568
23-Apr-26,elavDcrxRNAiCntrlBL36304,1,4,2.103
23-Apr-26,elavDcrxRNAiCntrlBL36304,1,4,1.431
23-Apr-26,elavDcrxRNAiCntrlBL36304,1,4,1.758
23-Apr-26,elavDcrxRNAiCntrlBL36304,1,4,1.517
23-Apr-26,elavDcrxRNAiCntrlBL36304,1,4,0.465
23-Apr-26,elavDcrxRNAiCntrlBL36304,1,4,0.431
23-Apr-26,elavDcrxRNAiCntrlBL36304,1,4,2.862